"2/9/2017 0:00:00",40.7228,-74.0045,"B02512"
"2/9/2017 0:00:00",40.7618,-73.994,"B02512"
"2/9/2017 0:04:00",40.7505,-74.0031,"B02512"
"2/9/2017 0:05:00",40.7418,-73.9972,"B02512"
"2/9/2017 0:06:00",40.7092,-74.0132,"B02512"
"2/9/2017 0:06:00",40.733,-74.1726,"B02512"
"2/9/2017 0:08:00",40.72,-73.9993,"B02512"
"2/9/2017 0:09:00",40.7241,-74.0094,"B02512"
"2/9/2017 0:10:00",40.7404,-74.0079,"B02512"
"2/9/2017 0:10:00",40.7515,-73.9875,"B02512"
"2/9/2017 0:11:00",40.7089,-74.0056,"B02512"
"2/9/2017 0:12:00",40.7401,-74.003,"B02512"
"2/9/2017 0:12:00",40.7859,-73.9848,"B02512"
"2/9/2017 0:13:00",40.7178,-73.9852,"B02512"
"2/9/2017 0:14:00",40.7269,-73.9829,"B02512"
"2/9/2017 0:16:00",40.745,-73.9882,"B02512"
"2/9/2017 0:16:00",40.7253,-73.9835,"B02512"
"2/9/2017 0:16:00",40.7253,-73.9835,"B02512"
"2/9/2017 0:17:00",40.7337,-74.0029,"B02512"
"2/9/2017 0:18:00",40.7506,-73.9876,"B02512"
"2/9/2017 0:18:00",40.7197,-73.9871,"B02512"
"2/9/2017 0:18:00",40.7234,-74.0088,"B02512"
"2/9/2017 0:18:00",40.6889,-73.9891,"B02512"
"2/9/2017 0:20:00",40.721,-73.9976,"B02512"
"2/9/2017 0:21:00",40.7277,-74.0013,"B02512"
"2/9/2017 0:21:00",40.7964,-73.9475,"B02512"
"2/9/2017 0:22:00",40.7588,-73.9831,"B02512"
"2/9/2017 0:22:00",40.7199,-74.0102,"B02512"
"2/9/2017 0:22:00",40.8,-73.6509,"B02512"
"2/9/2017 0:24:00",40.7185,-73.9908,"B02512"
"2/9/2017 0:25:00",40.731,-74.0015,"B02512"
"2/9/2017 0:25:00",40.7141,-73.9976,"B02512"
"2/9/2017 0:26:00",40.7332,-74.1722,"B02512"
"2/9/2017 0:30:00",40.743,-73.9891,"B02512"
"2/9/2017 0:30:00",40.7223,-73.9916,"B02512"
"2/9/2017 0:30:00",40.7232,-74.0079,"B02512"
"2/9/2017 0:30:00",40.7405,-74.0083,"B02512"
"2/9/2017 0:32:00",40.738,-74.0275,"B02512"
"2/9/2017 0:32:00",40.738,-74.0275,"B02512"
"2/9/2017 0:32:00",40.7421,-74.0041,"B02512"
"2/9/2017 0:34:00",40.8312,-74.2059,"B02512"
"2/9/2017 0:37:00",40.7742,-73.963,"B02512"
"2/9/2017 0:40:00",40.7233,-74.0084,"B02512"
"2/9/2017 0:40:00",40.7368,-73.9879,"B02512"
"2/9/2017 0:41:00",40.7304,-73.9899,"B02512"
"2/9/2017 0:41:00",40.7265,-74.002,"B02512"
"2/9/2017 0:43:00",40.7251,-73.9872,"B02512"
"2/9/2017 0:45:00",40.7287,-73.9924,"B02512"
"2/9/2017 0:45:00",40.7814,-74.2127,"B02512"
"2/9/2017 0:48:00",40.7448,-73.9952,"B02512"
"2/9/2017 0:48:00",40.7294,-73.9989,"B02512"
"2/9/2017 0:49:00",40.7293,-73.9871,"B02512"
"2/9/2017 0:52:00",40.7431,-74.0055,"B02512"
"2/9/2017 0:53:00",40.7254,-73.9819,"B02512"
"2/9/2017 0:53:00",40.7217,-73.992,"B02512"
"2/9/2017 0:55:00",40.7398,-74.0301,"B02512"
"2/9/2017 0:56:00",40.7243,-73.9817,"B02512"
"2/9/2017 0:56:00",40.7415,-73.9781,"B02512"
"2/9/2017 0:57:00",40.7166,-74,"B02512"
"2/9/2017 1:01:00",40.746,-73.9906,"B02512"
"2/9/2017 1:01:00",40.7254,-73.9841,"B02512"
"2/9/2017 1:03:00",40.7421,-74.0036,"B02512"
"2/9/2017 1:04:00",40.7285,-73.9998,"B02512"
"2/9/2017 1:06:00",40.7303,-73.9917,"B02512"
"2/9/2017 1:07:00",40.7405,-74.0085,"B02512"
"2/9/2017 1:07:00",40.7405,-74.0085,"B02512"
"2/9/2017 1:07:00",40.7502,-73.9949,"B02512"
"2/9/2017 1:09:00",40.765,-73.9878,"B02512"
"2/9/2017 1:10:00",40.7191,-74.0052,"B02512"
"2/9/2017 1:15:00",40.726,-74.0091,"B02512"
"2/9/2017 1:16:00",40.7407,-74.0077,"B02512"
"2/9/2017 1:21:00",40.7242,-73.996,"B02512"
"2/9/2017 1:21:00",40.7404,-74.0082,"B02512"
"2/9/2017 1:21:00",40.739,-74.0032,"B02512"
"2/9/2017 1:24:00",40.7667,-73.9965,"B02512"
"2/9/2017 1:30:00",40.7196,-73.993,"B02512"
"2/9/2017 1:32:00",40.7069,-73.9225,"B02512"
"2/9/2017 1:36:00",40.7217,-73.9919,"B02512"
"2/9/2017 1:42:00",40.7597,-73.9005,"B02512"
"2/9/2017 1:43:00",40.7393,-74.0064,"B02512"
"2/9/2017 1:47:00",40.8313,-74.2058,"B02512"
"2/9/2017 1:48:00",40.7273,-73.9921,"B02512"
"2/9/2017 1:52:00",40.7279,-73.995,"B02512"
"2/9/2017 1:59:00",40.7292,-73.9797,"B02512"
"2/9/2017 2:01:00",40.7221,-73.8396,"B02512"
"2/9/2017 2:01:00",40.7297,-74.0099,"B02512"
"2/9/2017 2:03:00",40.7422,-74.0045,"B02512"
"2/9/2017 2:03:00",40.7422,-74.0045,"B02512"
"2/9/2017 2:04:00",40.7146,-73.9988,"B02512"
"2/9/2017 2:05:00",40.7217,-73.9921,"B02512"
"2/9/2017 2:11:00",40.7634,-73.9265,"B02512"
"2/9/2017 2:15:00",40.7531,-73.9918,"B02512"
"2/9/2017 2:21:00",40.7639,-73.9976,"B02512"
"2/9/2017 2:25:00",40.7645,-73.9875,"B02512"
"2/9/2017 2:29:00",40.7409,-73.9816,"B02512"
"2/9/2017 2:30:00",40.7198,-73.983,"B02512"
"2/9/2017 2:36:00",40.7193,-73.9584,"B02512"
"2/9/2017 2:39:00",40.7291,-73.9957,"B02512"
"2/9/2017 2:40:00",40.7443,-74.0067,"B02512"
"2/9/2017 2:42:00",40.7638,-73.9811,"B02512"
"2/9/2017 2:45:00",40.7823,-73.9523,"B02512"
"2/9/2017 2:50:00",40.7498,-73.9857,"B02512"
"2/9/2017 2:52:00",40.8423,-73.831,"B02512"
"2/9/2017 2:55:00",40.7213,-73.9886,"B02512"
"2/9/2017 2:55:00",40.7407,-74.0078,"B02512"
"2/9/2017 2:56:00",40.7177,-73.9575,"B02512"
"2/9/2017 2:58:00",40.7434,-73.9861,"B02512"
"2/9/2017 3:21:00",40.7225,-73.9877,"B02512"
"2/9/2017 3:23:00",40.7558,-73.9921,"B02512"
"2/9/2017 3:30:00",40.7544,-73.9854,"B02512"
"2/9/2017 3:32:00",40.7763,-73.9479,"B02512"
"2/9/2017 3:34:00",40.7303,-74.0025,"B02512"
"2/9/2017 3:36:00",40.7602,-73.9676,"B02512"
"2/9/2017 3:37:00",40.7157,-74.0096,"B02512"
"2/9/2017 3:55:00",40.7787,-73.9849,"B02512"
"2/9/2017 3:59:00",40.7173,-74.0035,"B02512"
"2/9/2017 4:07:00",40.7262,-73.7849,"B02512"
"2/9/2017 4:08:00",40.7783,-73.9819,"B02512"
"2/9/2017 4:08:00",40.6723,-73.9545,"B02512"
"2/9/2017 4:10:00",40.6461,-73.7768,"B02512"
"2/9/2017 4:25:00",40.7487,-73.9877,"B02512"
"2/9/2017 4:25:00",40.7719,-73.9538,"B02512"
"2/9/2017 4:26:00",40.6922,-73.9841,"B02512"
"2/9/2017 4:29:00",40.7838,-73.9459,"B02512"
"2/9/2017 4:42:00",40.7267,-73.9555,"B02512"
"2/9/2017 4:48:00",40.6785,-73.995,"B02512"
"2/9/2017 4:57:00",40.7212,-73.9992,"B02512"
"2/9/2017 5:01:00",40.7139,-73.994,"B02512"
"2/9/2017 5:05:00",40.6603,-73.9981,"B02512"
"2/9/2017 5:09:00",40.7445,-73.9966,"B02512"
"2/9/2017 5:14:00",40.7774,-73.9819,"B02512"
"2/9/2017 5:16:00",40.7742,-73.8712,"B02512"
"2/9/2017 5:17:00",40.7471,-73.9912,"B02512"
"2/9/2017 5:30:00",40.7495,-73.9835,"B02512"
"2/9/2017 5:36:00",40.7134,-73.9903,"B02512"
"2/9/2017 5:41:00",40.7859,-73.9801,"B02512"
"2/9/2017 5:41:00",40.72,-73.9881,"B02512"
"2/9/2017 5:52:00",40.7754,-73.9903,"B02512"
"2/9/2017 5:52:00",40.7844,-73.9489,"B02512"
"2/9/2017 5:56:00",40.8003,-73.9682,"B02512"
"2/9/2017 5:58:00",40.7797,-73.9842,"B02512"
"2/9/2017 6:00:00",40.7606,-73.9898,"B02512"
"2/9/2017 6:12:00",40.8194,-73.9406,"B02512"
"2/9/2017 6:19:00",40.7525,-73.968,"B02512"
"2/9/2017 6:23:00",40.7238,-73.5872,"B02512"
"2/9/2017 6:23:00",40.7601,-73.9673,"B02512"
"2/9/2017 6:30:00",40.7563,-73.9904,"B02512"
"2/9/2017 6:30:00",40.7748,-73.9913,"B02512"
"2/9/2017 6:32:00",40.7348,-74.0447,"B02512"
"2/9/2017 6:32:00",40.8121,-73.9355,"B02512"
"2/9/2017 6:33:00",40.7178,-73.9862,"B02512"
"2/9/2017 6:35:00",40.7737,-73.9796,"B02512"
"2/9/2017 6:37:00",40.7357,-73.9794,"B02512"
"2/9/2017 6:43:00",40.6346,-73.9582,"B02512"
"2/9/2017 6:44:00",40.7823,-73.9581,"B02512"
"2/9/2017 6:47:00",40.7415,-74.0067,"B02512"
"2/9/2017 6:54:00",40.7375,-73.9971,"B02512"
"2/9/2017 6:58:00",40.7166,-73.8345,"B02512"
"2/9/2017 6:59:00",40.7577,-73.9753,"B02512"
"2/9/2017 7:09:00",40.7598,-73.9899,"B02512"
"2/9/2017 7:11:00",40.7905,-73.9679,"B02512"
"2/9/2017 7:12:00",40.6865,-73.9644,"B02512"
"2/9/2017 7:14:00",40.7311,-73.9525,"B02512"
"2/9/2017 7:14:00",40.7813,-73.9578,"B02512"
"2/9/2017 7:15:00",40.7566,-73.9842,"B02512"
"2/9/2017 7:22:00",40.7321,-73.996,"B02512"
"2/9/2017 7:27:00",40.7446,-73.9808,"B02512"
"2/9/2017 7:31:00",40.7383,-74.0038,"B02512"
"2/9/2017 7:36:00",40.7568,-73.9938,"B02512"
"2/9/2017 7:37:00",40.7418,-73.9937,"B02512"
"2/9/2017 7:38:00",40.7426,-73.998,"B02512"
"2/9/2017 7:41:00",40.7467,-73.994,"B02512"
"2/9/2017 7:42:00",40.7485,-74.0061,"B02512"
"2/9/2017 7:44:00",40.7739,-73.8718,"B02512"
"2/9/2017 7:45:00",40.6711,-73.9798,"B02512"
"2/9/2017 7:47:00",40.7267,-73.9924,"B02512"
"2/9/2017 7:48:00",40.7239,-73.9469,"B02512"
"2/9/2017 7:53:00",40.6457,-73.7768,"B02512"
"2/9/2017 8:00:00",40.7618,-73.9785,"B02512"
"2/9/2017 8:04:00",40.7429,-73.987,"B02512"
"2/9/2017 8:08:00",40.7768,-73.9452,"B02512"
"2/9/2017 8:08:00",40.7279,-73.9911,"B02512"
"2/9/2017 8:08:00",40.7732,-73.8856,"B02512"
"2/9/2017 8:11:00",40.711,-74.0159,"B02512"
"2/9/2017 8:12:00",40.7508,-74.0327,"B02512"
"2/9/2017 8:13:00",40.774,-73.8716,"B02512"
"2/9/2017 8:13:00",40.7569,-73.985,"B02512"
"2/9/2017 8:16:00",40.6878,-74.1817,"B02512"
"2/9/2017 8:16:00",40.7778,-73.9797,"B02512"
"2/9/2017 8:20:00",40.7704,-73.9856,"B02512"
"2/9/2017 8:23:00",40.7751,-73.9479,"B02512"
"2/9/2017 8:26:00",40.7544,-73.9845,"B02512"
"2/9/2017 8:27:00",40.7455,-73.9454,"B02512"
"2/9/2017 8:30:00",40.7299,-73.9874,"B02512"
"2/9/2017 8:32:00",40.6808,-73.9286,"B02512"
"2/9/2017 8:33:00",40.7362,-73.9921,"B02512"
"2/9/2017 8:39:00",40.7615,-73.9752,"B02512"
"2/9/2017 8:40:00",40.6806,-73.9317,"B02512"
"2/9/2017 8:41:00",40.7265,-73.9515,"B02512"
"2/9/2017 8:42:00",40.7426,-74.0038,"B02512"
"2/9/2017 8:43:00",40.715,-74.016,"B02512"
"2/9/2017 8:45:00",40.6417,-73.9633,"B02512"
"2/9/2017 8:45:00",40.7213,-74.0014,"B02512"
"2/9/2017 8:46:00",40.7469,-73.9848,"B02512"
"2/9/2017 8:49:00",40.6821,-74.0004,"B02512"
"2/9/2017 8:50:00",40.7231,-74.005,"B02512"
"2/9/2017 8:56:00",40.7208,-73.9906,"B02512"
"2/9/2017 8:57:00",40.7119,-73.9498,"B02512"
"2/9/2017 8:59:00",40.7385,-73.9843,"B02512"
"2/9/2017 9:08:00",40.7427,-73.9774,"B02512"
"2/9/2017 9:10:00",40.6949,-73.9945,"B02512"
"2/9/2017 9:11:00",40.7179,-74.0042,"B02512"
"2/9/2017 9:11:00",40.7619,-73.9863,"B02512"
"2/9/2017 9:12:00",40.7154,-73.987,"B02512"
"2/9/2017 9:13:00",40.7645,-73.9796,"B02512"
"2/9/2017 9:14:00",40.7228,-73.9943,"B02512"
"2/9/2017 9:16:00",40.6582,-73.9579,"B02512"
"2/9/2017 9:17:00",40.7065,-74.0169,"B02512"
"2/9/2017 9:18:00",40.7718,-73.965,"B02512"
"2/9/2017 9:19:00",40.8237,-73.9377,"B02512"
"2/9/2017 9:22:00",40.7691,-73.9823,"B02512"
"2/9/2017 9:29:00",40.736,-73.9914,"B02512"
"2/9/2017 9:30:00",40.7416,-73.9819,"B02512"
"2/9/2017 9:33:00",40.7934,-73.9746,"B02512"
"2/9/2017 9:37:00",40.8056,-74.0993,"B02512"
"2/9/2017 9:38:00",40.7691,-73.9815,"B02512"
"2/9/2017 9:38:00",40.7382,-74.0091,"B02512"
"2/9/2017 9:38:00",40.7188,-73.9517,"B02512"
"2/9/2017 9:38:00",40.7838,-73.9839,"B02512"
"2/9/2017 9:42:00",40.7604,-73.9678,"B02512"
"2/9/2017 9:43:00",40.7651,-73.9612,"B02512"
"2/9/2017 9:43:00",40.725,-73.9426,"B02512"
"2/9/2017 9:44:00",40.7398,-73.9911,"B02512"
"2/9/2017 9:47:00",40.6468,-73.7891,"B02512"
"2/9/2017 9:52:00",40.73,-73.993,"B02512"
"2/9/2017 9:54:00",40.7221,-73.9873,"B02512"
"2/9/2017 9:56:00",40.8003,-73.9535,"B02512"
"2/9/2017 9:56:00",40.7684,-73.8623,"B02512"
"2/9/2017 9:57:00",40.8009,-73.9663,"B02512"
"2/9/2017 10:03:00",40.7499,-73.993,"B02512"
"2/9/2017 10:03:00",40.7965,-73.467,"B02512"
"2/9/2017 10:05:00",40.7684,-73.9595,"B02512"
"2/9/2017 10:06:00",40.7681,-73.9846,"B02512"
"2/9/2017 10:09:00",40.7489,-74.0302,"B02512"
"2/9/2017 10:09:00",40.7489,-74.0302,"B02512"
"2/9/2017 10:11:00",40.7378,-74.0018,"B02512"
"2/9/2017 10:11:00",40.7363,-73.981,"B02512"
"2/9/2017 10:17:00",40.7684,-73.8625,"B02512"
"2/9/2017 10:20:00",40.7278,-74.0038,"B02512"
"2/9/2017 10:22:00",40.7182,-74.0154,"B02512"
"2/9/2017 10:23:00",40.7906,-73.9767,"B02512"
"2/9/2017 10:26:00",40.7759,-73.9571,"B02512"
"2/9/2017 10:27:00",40.7532,-73.9862,"B02512"
"2/9/2017 10:28:00",40.7081,-74.0176,"B02512"
"2/9/2017 10:29:00",40.7828,-73.9812,"B02512"
"2/9/2017 10:30:00",40.7599,-73.9699,"B02512"
"2/9/2017 10:32:00",40.7772,-73.9543,"B02512"
"2/9/2017 10:32:00",40.7143,-73.9877,"B02512"
"2/9/2017 10:33:00",40.7203,-73.9981,"B02512"
"2/9/2017 10:33:00",40.7459,-74.0018,"B02512"
"2/9/2017 10:34:00",40.7744,-73.9635,"B02512"
"2/9/2017 10:35:00",40.9135,-73.1186,"B02512"
"2/9/2017 10:36:00",40.7612,-73.9695,"B02512"
"2/9/2017 10:39:00",40.7434,-73.9725,"B02512"
"2/9/2017 10:41:00",40.7394,-73.9922,"B02512"
"2/9/2017 10:42:00",40.7435,-73.9921,"B02512"
"2/9/2017 10:46:00",40.7408,-73.9992,"B02512"
"2/9/2017 10:47:00",40.7779,-73.9539,"B02512"
"2/9/2017 10:47:00",40.7281,-73.9849,"B02512"
"2/9/2017 10:48:00",40.715,-74.0064,"B02512"
"2/9/2017 10:49:00",40.7658,-73.9766,"B02512"
"2/9/2017 10:49:00",40.7692,-73.9815,"B02512"
"2/9/2017 10:51:00",40.7138,-74.0139,"B02512"
"2/9/2017 10:53:00",40.7459,-74.0054,"B02512"
"2/9/2017 10:55:00",40.7643,-73.9945,"B02512"
"2/9/2017 10:55:00",40.7187,-73.9634,"B02512"
"2/9/2017 10:57:00",40.7395,-74.0082,"B02512"
"2/9/2017 11:01:00",40.7569,-73.99,"B02512"
"2/9/2017 11:02:00",40.774,-73.8725,"B02512"
"2/9/2017 11:04:00",40.7703,-73.9855,"B02512"
"2/9/2017 11:05:00",40.7442,-73.9804,"B02512"
"2/9/2017 11:05:00",40.7609,-73.9753,"B02512"
"2/9/2017 11:05:00",40.7602,-73.9611,"B02512"
"2/9/2017 11:07:00",40.8471,-73.9335,"B02512"
"2/9/2017 11:08:00",40.7441,-73.9803,"B02512"
"2/9/2017 11:09:00",40.7701,-73.866,"B02512"
"2/9/2017 11:09:00",40.7519,-73.9812,"B02512"
"2/9/2017 11:10:00",40.7538,-73.9919,"B02512"
"2/9/2017 11:11:00",40.7808,-73.9727,"B02512"
"2/9/2017 11:12:00",40.5035,-74.4522,"B02512"
"2/9/2017 11:14:00",40.7078,-74.0071,"B02512"
"2/9/2017 11:17:00",40.7861,-73.9724,"B02512"
"2/9/2017 11:17:00",40.7278,-73.9939,"B02512"
"2/9/2017 11:19:00",40.7757,-73.9836,"B02512"
"2/9/2017 11:20:00",40.764,-73.9711,"B02512"
"2/9/2017 11:20:00",40.7251,-74.0357,"B02512"
"2/9/2017 11:22:00",40.7713,-73.9651,"B02512"
"2/9/2017 11:29:00",40.7827,-73.9732,"B02512"
"2/9/2017 11:33:00",40.8008,-73.9505,"B02512"
"2/9/2017 11:38:00",40.7407,-74.0047,"B02512"
"2/9/2017 11:38:00",40.7438,-74.0308,"B02512"
"2/9/2017 11:38:00",40.7438,-74.0308,"B02512"
"2/9/2017 11:40:00",40.7785,-73.9889,"B02512"
"2/9/2017 11:42:00",40.7228,-73.9431,"B02512"
"2/9/2017 11:42:00",40.7197,-73.9788,"B02512"
"2/9/2017 11:43:00",40.7221,-74,"B02512"
"2/9/2017 11:44:00",40.8041,-73.9506,"B02512"
"2/9/2017 11:47:00",40.8096,-73.9641,"B02512"
"2/9/2017 11:48:00",40.7866,-73.9566,"B02512"
"2/9/2017 11:49:00",40.7236,-73.9776,"B02512"
"2/9/2017 11:50:00",40.7738,-73.8718,"B02512"
"2/9/2017 11:52:00",40.8122,-73.9599,"B02512"
"2/9/2017 11:52:00",40.9771,-73.9778,"B02512"
"2/9/2017 11:53:00",40.6846,-73.9785,"B02512"
"2/9/2017 11:54:00",40.6904,-73.8144,"B02512"
"2/9/2017 11:54:00",40.6872,-73.9951,"B02512"
"2/9/2017 11:55:00",40.7294,-73.9859,"B02512"
"2/9/2017 11:58:00",40.7103,-73.9846,"B02512"
"2/9/2017 12:00:00",40.6886,-73.9112,"B02512"
"2/9/2017 12:02:00",40.7602,-73.9765,"B02512"
"2/9/2017 12:02:00",40.7718,-73.9826,"B02512"
"2/9/2017 12:02:00",40.688,-74.1829,"B02512"
"2/9/2017 12:02:00",40.688,-74.1829,"B02512"
"2/9/2017 12:03:00",40.7316,-74.0073,"B02512"
"2/9/2017 12:03:00",40.7583,-73.9669,"B02512"
"2/9/2017 12:04:00",40.6764,-73.9539,"B02512"
"2/9/2017 12:04:00",40.7748,-73.9545,"B02512"
"2/9/2017 12:06:00",40.7647,-73.9706,"B02512"
"2/9/2017 12:06:00",40.6944,-73.9624,"B02512"
"2/9/2017 12:12:00",40.7456,-73.9885,"B02512"
"2/9/2017 12:13:00",40.7254,-73.992,"B02512"
"2/9/2017 12:13:00",40.7758,-73.9763,"B02512"
"2/9/2017 12:18:00",40.7519,-74.0018,"B02512"
"2/9/2017 12:18:00",40.8111,-73.9536,"B02512"
"2/9/2017 12:18:00",40.7554,-73.9682,"B02512"
"2/9/2017 12:19:00",40.7955,-73.9711,"B02512"
"2/9/2017 12:20:00",40.7628,-73.9821,"B02512"
"2/9/2017 12:20:00",40.7444,-73.9834,"B02512"
"2/9/2017 12:21:00",40.726,-73.9928,"B02512"
"2/9/2017 12:22:00",40.7892,-73.9267,"B02512"
"2/9/2017 12:22:00",40.7677,-73.96,"B02512"
"2/9/2017 12:22:00",40.7247,-74.0007,"B02512"
"2/9/2017 12:25:00",40.7768,-73.9619,"B02512"
"2/9/2017 12:25:00",40.6861,-73.9516,"B02512"
"2/9/2017 12:25:00",40.7615,-73.9999,"B02512"
"2/9/2017 12:26:00",40.8003,-73.9632,"B02512"
"2/9/2017 12:30:00",40.6647,-73.9767,"B02512"
"2/9/2017 12:32:00",40.6862,-73.9913,"B02512"
"2/9/2017 12:32:00",40.7219,-74.0009,"B02512"
"2/9/2017 12:34:00",40.7592,-74.0234,"B02512"
"2/9/2017 12:34:00",40.7592,-74.0234,"B02512"
"2/9/2017 12:40:00",40.7811,-73.9103,"B02512"
"2/9/2017 12:40:00",40.8086,-73.931,"B02512"
"2/9/2017 12:43:00",40.7953,-73.9659,"B02512"
"2/9/2017 12:44:00",40.7248,-73.9947,"B02512"
"2/9/2017 12:45:00",40.7778,-73.9536,"B02512"
"2/9/2017 12:46:00",40.692,-73.9534,"B02512"
"2/9/2017 12:47:00",40.6386,-73.964,"B02512"
"2/9/2017 12:48:00",40.7491,-73.9744,"B02512"
"2/9/2017 12:48:00",40.7632,-73.9836,"B02512"
"2/9/2017 12:51:00",40.6916,-74.1771,"B02512"
"2/9/2017 12:55:00",40.7237,-74.0366,"B02512"
"2/9/2017 12:59:00",40.7509,-74.0255,"B02512"
"2/9/2017 12:59:00",40.7565,-73.9701,"B02512"
"2/9/2017 13:00:00",40.6279,-73.9711,"B02512"
"2/9/2017 13:01:00",40.7347,-73.9864,"B02512"
"2/9/2017 13:01:00",40.7369,-73.9957,"B02512"
"2/9/2017 13:03:00",40.7135,-74.0108,"B02512"
"2/9/2017 13:07:00",40.7567,-73.972,"B02512"
"2/9/2017 13:07:00",40.7567,-73.9925,"B02512"
"2/9/2017 13:09:00",40.7683,-73.9115,"B02512"
"2/9/2017 13:10:00",40.7328,-73.982,"B02512"
"2/9/2017 13:11:00",40.7898,-73.9735,"B02512"
"2/9/2017 13:11:00",40.7247,-73.9989,"B02512"
"2/9/2017 13:11:00",40.7082,-74.0063,"B02512"
"2/9/2017 13:13:00",40.753,-73.9679,"B02512"
"2/9/2017 13:13:00",40.7207,-73.9984,"B02512"
"2/9/2017 13:14:00",40.831,-73.9269,"B02512"
"2/9/2017 13:16:00",40.9312,-73.7982,"B02512"
"2/9/2017 13:18:00",40.7616,-74.0001,"B02512"
"2/9/2017 13:18:00",40.6786,-73.9732,"B02512"
"2/9/2017 13:19:00",40.7336,-73.9939,"B02512"
"2/9/2017 13:22:00",40.739,-74.0081,"B02512"
"2/9/2017 13:23:00",40.7739,-73.8724,"B02512"
"2/9/2017 13:25:00",40.7748,-73.9587,"B02512"
"2/9/2017 13:31:00",40.7182,-74.015,"B02512"
"2/9/2017 13:31:00",40.7139,-74.0089,"B02512"
"2/9/2017 13:31:00",40.762,-73.9716,"B02512"
"2/9/2017 13:32:00",40.6948,-74.1779,"B02512"
"2/9/2017 13:33:00",40.728,-73.9573,"B02512"
"2/9/2017 13:34:00",40.761,-73.9758,"B02512"
"2/9/2017 13:36:00",40.7394,-74.0079,"B02512"
"2/9/2017 13:37:00",40.7724,-73.9507,"B02512"
"2/9/2017 13:37:00",40.7363,-73.9942,"B02512"
"2/9/2017 13:39:00",40.774,-73.8727,"B02512"
"2/9/2017 13:41:00",40.7658,-73.9829,"B02512"
"2/9/2017 13:42:00",40.7444,-73.9911,"B02512"
"2/9/2017 13:43:00",40.8016,-73.9649,"B02512"
"2/9/2017 13:43:00",40.7348,-73.9945,"B02512"
"2/9/2017 13:44:00",40.7448,-73.983,"B02512"
"2/9/2017 13:45:00",40.9954,-74.201,"B02512"
"2/9/2017 13:45:00",40.717,-73.9465,"B02512"
"2/9/2017 13:45:00",40.747,-73.9938,"B02512"
"2/9/2017 13:47:00",40.7817,-73.9601,"B02512"
"2/9/2017 13:49:00",40.7759,-73.9624,"B02512"
"2/9/2017 13:49:00",40.784,-73.9723,"B02512"
"2/9/2017 13:50:00",40.7366,-73.9818,"B02512"
"2/9/2017 13:51:00",40.7907,-73.9724,"B02512"
"2/9/2017 13:52:00",40.7382,-74.0072,"B02512"
"2/9/2017 13:52:00",40.7548,-73.9933,"B02512"
"2/9/2017 13:53:00",40.8902,-73.8981,"B02512"
"2/9/2017 13:53:00",40.7689,-73.9653,"B02512"
"2/9/2017 13:56:00",40.7583,-73.9678,"B02512"
"2/9/2017 13:56:00",40.7245,-73.9907,"B02512"
"2/9/2017 13:56:00",40.7813,-73.9585,"B02512"
"2/9/2017 13:57:00",40.7589,-73.9685,"B02512"
"2/9/2017 13:58:00",40.7673,-73.984,"B02512"
"2/9/2017 13:59:00",40.7277,-74.3277,"B02512"
"2/9/2017 14:01:00",40.7692,-73.9672,"B02512"
"2/9/2017 14:01:00",40.7094,-74.0023,"B02512"
"2/9/2017 14:01:00",40.7956,-73.9717,"B02512"
"2/9/2017 14:02:00",40.7229,-73.9836,"B02512"
"2/9/2017 14:03:00",40.7756,-73.9607,"B02512"
"2/9/2017 14:03:00",40.7557,-73.9646,"B02512"
"2/9/2017 14:04:00",40.7265,-73.992,"B02512"
"2/9/2017 14:05:00",40.7315,-74.0066,"B02512"
"2/9/2017 14:05:00",40.6831,-73.9666,"B02512"
"2/9/2017 14:05:00",40.725,-73.9954,"B02512"
"2/9/2017 14:06:00",40.7371,-73.9921,"B02512"
"2/9/2017 14:06:00",40.7054,-73.9284,"B02512"
"2/9/2017 14:06:00",40.7162,-74.0124,"B02512"
"2/9/2017 14:06:00",40.6955,-73.9293,"B02512"
"2/9/2017 14:07:00",40.7614,-73.9765,"B02512"
"2/9/2017 14:07:00",40.7188,-73.9452,"B02512"
"2/9/2017 14:07:00",40.7377,-73.8197,"B02512"
"2/9/2017 14:08:00",40.7751,-73.9634,"B02512"
"2/9/2017 14:08:00",40.7683,-73.9831,"B02512"
"2/9/2017 14:09:00",40.769,-73.9825,"B02512"
"2/9/2017 14:09:00",40.7444,-74.0344,"B02512"
"2/9/2017 14:09:00",40.7444,-74.0344,"B02512"
"2/9/2017 14:09:00",40.7718,-73.9493,"B02512"
"2/9/2017 14:09:00",40.6547,-73.976,"B02512"
"2/9/2017 14:11:00",40.7565,-74.0015,"B02512"
"2/9/2017 14:11:00",40.753,-73.9836,"B02512"
"2/9/2017 14:11:00",40.7851,-73.955,"B02512"
"2/9/2017 14:12:00",40.7514,-74.0052,"B02512"
"2/9/2017 14:12:00",40.765,-73.9849,"B02512"
"2/9/2017 14:12:00",40.7054,-73.9284,"B02512"
"2/9/2017 14:12:00",40.7493,-74.006,"B02512"
"2/9/2017 14:13:00",40.7641,-73.9851,"B02512"
"2/9/2017 14:13:00",40.7633,-73.9739,"B02512"
"2/9/2017 14:14:00",40.751,-74.0042,"B02512"
"2/9/2017 14:14:00",40.7026,-73.9935,"B02512"
"2/9/2017 14:14:00",40.7783,-73.9609,"B02512"
"2/9/2017 14:15:00",40.7482,-73.9807,"B02512"
"2/9/2017 14:15:00",40.7822,-73.9599,"B02512"
"2/9/2017 14:17:00",40.6596,-73.9881,"B02512"
"2/9/2017 14:17:00",40.7836,-73.9803,"B02512"
"2/9/2017 14:17:00",40.7267,-74.0001,"B02512"
"2/9/2017 14:19:00",40.7334,-73.9874,"B02512"
"2/9/2017 14:19:00",40.7283,-73.987,"B02512"
"2/9/2017 14:19:00",40.772,-73.9497,"B02512"
"2/9/2017 14:20:00",40.75,-74.0363,"B02512"
"2/9/2017 14:20:00",40.75,-74.0363,"B02512"
"2/9/2017 14:20:00",40.7508,-73.9878,"B02512"
"2/9/2017 14:21:00",40.8116,-73.9625,"B02512"
"2/9/2017 14:24:00",40.7421,-74.0004,"B02512"
"2/9/2017 14:24:00",40.7217,-73.9978,"B02512"
"2/9/2017 14:24:00",40.7572,-73.9838,"B02512"
"2/9/2017 14:25:00",40.775,-73.963,"B02512"
"2/9/2017 14:25:00",40.7575,-73.9768,"B02512"
"2/9/2017 14:25:00",40.7412,-73.9848,"B02512"
"2/9/2017 14:26:00",40.7211,-73.9981,"B02512"
"2/9/2017 14:27:00",40.725,-74.0029,"B02512"
"2/9/2017 14:27:00",40.7409,-73.9817,"B02512"
"2/9/2017 14:27:00",40.7266,-74.011,"B02512"
"2/9/2017 14:27:00",40.7473,-73.9896,"B02512"
"2/9/2017 14:28:00",40.7546,-73.9857,"B02512"
"2/9/2017 14:29:00",40.7629,-73.9566,"B02512"
"2/9/2017 14:29:00",40.7487,-74.0065,"B02512"
"2/9/2017 14:30:00",40.7683,-73.9928,"B02512"
"2/9/2017 14:32:00",40.7371,-74.0002,"B02512"
"2/9/2017 14:32:00",40.7601,-73.9632,"B02512"
"2/9/2017 14:32:00",40.7258,-74.0018,"B02512"
"2/9/2017 14:32:00",40.7645,-73.9707,"B02512"
"2/9/2017 14:33:00",40.7632,-73.9743,"B02512"
"2/9/2017 14:33:00",40.7187,-74.006,"B02512"
"2/9/2017 14:34:00",40.7244,-74.0059,"B02512"
"2/9/2017 14:35:00",40.7571,-74.0011,"B02512"
"2/9/2017 14:35:00",40.7745,-73.9654,"B02512"
"2/9/2017 14:37:00",40.762,-73.9971,"B02512"
"2/9/2017 14:37:00",40.7725,-73.9774,"B02512"
"2/9/2017 14:39:00",40.7614,-73.9683,"B02512"
"2/9/2017 14:40:00",40.7344,-74.0047,"B02512"
"2/9/2017 14:42:00",40.8544,-73.8887,"B02512"
"2/9/2017 14:42:00",40.8139,-73.9462,"B02512"
"2/9/2017 14:42:00",40.7465,-74.0071,"B02512"
"2/9/2017 14:43:00",40.7183,-73.995,"B02512"
"2/9/2017 14:45:00",40.7283,-73.9996,"B02512"
"2/9/2017 14:45:00",40.7844,-73.9731,"B02512"
"2/9/2017 14:46:00",40.645,-73.782,"B02512"
"2/9/2017 14:46:00",40.7505,-73.9737,"B02512"
"2/9/2017 14:47:00",40.7248,-73.9985,"B02512"
"2/9/2017 14:47:00",40.7397,-74.0081,"B02512"
"2/9/2017 14:48:00",40.7588,-73.9998,"B02512"
"2/9/2017 14:48:00",40.7154,-74.0146,"B02512"
"2/9/2017 14:49:00",40.7597,-73.9917,"B02512"
"2/9/2017 14:49:00",40.7609,-73.9771,"B02512"
"2/9/2017 14:50:00",40.7448,-73.9894,"B02512"
"2/9/2017 14:50:00",40.7257,-73.9998,"B02512"
"2/9/2017 14:52:00",40.7644,-73.9689,"B02512"
"2/9/2017 14:52:00",40.7147,-74.0078,"B02512"
"2/9/2017 14:52:00",40.7084,-74.0149,"B02512"
"2/9/2017 14:52:00",40.7544,-74.0259,"B02512"
"2/9/2017 14:52:00",40.7544,-74.0259,"B02512"
"2/9/2017 14:54:00",40.7136,-74.0085,"B02512"
"2/9/2017 14:55:00",40.7498,-73.9719,"B02512"
"2/9/2017 14:56:00",40.7641,-73.9747,"B02512"
"2/9/2017 14:56:00",40.7247,-73.997,"B02512"
"2/9/2017 14:57:00",40.7564,-73.9778,"B02512"
"2/9/2017 14:58:00",40.7535,-73.9962,"B02512"
"2/9/2017 14:59:00",40.7299,-73.9983,"B02512"
"2/9/2017 14:59:00",40.7609,-73.9771,"B02512"
"2/9/2017 15:00:00",40.7737,-73.9851,"B02512"
"2/9/2017 15:00:00",40.7747,-73.9585,"B02512"
"2/9/2017 15:01:00",40.7602,-73.976,"B02512"
"2/9/2017 15:01:00",40.7778,-73.9617,"B02512"
"2/9/2017 15:01:00",40.7739,-73.8713,"B02512"
"2/9/2017 15:05:00",40.7797,-73.9734,"B02512"
"2/9/2017 15:06:00",40.745,-73.9862,"B02512"
"2/9/2017 15:07:00",40.722,-73.9873,"B02512"
"2/9/2017 15:08:00",40.7633,-73.9737,"B02512"
"2/9/2017 15:08:00",40.716,-74.011,"B02512"
"2/9/2017 15:09:00",40.7039,-74.0104,"B02512"
"2/9/2017 15:10:00",40.7829,-73.9558,"B02512"
"2/9/2017 15:11:00",40.771,-73.8854,"B02512"
"2/9/2017 15:11:00",40.7435,-73.9881,"B02512"
"2/9/2017 15:11:00",40.7313,-74.0101,"B02512"
"2/9/2017 15:11:00",40.6609,-73.7262,"B02512"
"2/9/2017 15:12:00",40.7641,-73.9787,"B02512"
"2/9/2017 15:12:00",40.7538,-73.9783,"B02512"
"2/9/2017 15:12:00",40.7669,-73.9864,"B02512"
"2/9/2017 15:12:00",40.6815,-73.9558,"B02512"
"2/9/2017 15:13:00",40.722,-73.9874,"B02512"
"2/9/2017 15:14:00",40.7899,-73.9743,"B02512"
"2/9/2017 15:14:00",40.7623,-73.9753,"B02512"
"2/9/2017 15:14:00",40.7323,-74.002,"B02512"
"2/9/2017 15:16:00",40.6611,-73.7169,"B02512"
"2/9/2017 15:17:00",40.7427,-74.0073,"B02512"
"2/9/2017 15:17:00",40.741,-73.9877,"B02512"
"2/9/2017 15:17:00",40.7274,-74.0033,"B02512"
"2/9/2017 15:18:00",40.7272,-74.0089,"B02512"
"2/9/2017 15:19:00",40.7625,-73.9689,"B02512"
"2/9/2017 15:19:00",40.7671,-73.9877,"B02512"
"2/9/2017 15:19:00",40.7515,-74.0034,"B02512"
"2/9/2017 15:22:00",40.779,-73.9623,"B02512"
"2/9/2017 15:23:00",40.7122,-73.9532,"B02512"
"2/9/2017 15:23:00",40.7269,-73.9915,"B02512"
"2/9/2017 15:24:00",40.7746,-73.982,"B02512"
"2/9/2017 15:24:00",40.7341,-74.0025,"B02512"
"2/9/2017 15:25:00",40.7742,-73.9544,"B02512"
"2/9/2017 15:25:00",40.7661,-73.9573,"B02512"
"2/9/2017 15:26:00",40.7482,-74.0039,"B02512"
"2/9/2017 15:28:00",40.7515,-74.0053,"B02512"
"2/9/2017 15:29:00",40.7204,-74.0036,"B02512"
"2/9/2017 15:30:00",40.7692,-73.9612,"B02512"
"2/9/2017 15:31:00",40.7365,-74.0018,"B02512"
"2/9/2017 15:32:00",41.0699,-73.8145,"B02512"
"2/9/2017 15:32:00",40.6469,-73.7892,"B02512"
"2/9/2017 15:32:00",40.7312,-74.0047,"B02512"
"2/9/2017 15:34:00",40.7705,-73.9685,"B02512"
"2/9/2017 15:35:00",40.7226,-74.0035,"B02512"
"2/9/2017 15:35:00",40.731,-74.0015,"B02512"
"2/9/2017 15:35:00",40.9855,-73.8678,"B02512"
"2/9/2017 15:35:00",40.6645,-73.977,"B02512"
"2/9/2017 15:35:00",40.7619,-73.9603,"B02512"
"2/9/2017 15:35:00",40.7594,-73.989,"B02512"
"2/9/2017 15:36:00",40.7697,-73.9565,"B02512"
"2/9/2017 15:37:00",40.7212,-73.984,"B02512"
"2/9/2017 15:37:00",40.7799,-73.9767,"B02512"
"2/9/2017 15:37:00",40.761,-73.9708,"B02512"
"2/9/2017 15:37:00",40.7241,-74.0024,"B02512"
"2/9/2017 15:38:00",40.7155,-73.9916,"B02512"
"2/9/2017 15:38:00",40.7629,-73.9637,"B02512"
"2/9/2017 15:38:00",40.7649,-73.9708,"B02512"
"2/9/2017 15:39:00",40.7466,-74.0084,"B02512"
"2/9/2017 15:40:00",40.7592,-73.9801,"B02512"
"2/9/2017 15:40:00",40.73,-73.9924,"B02512"
"2/9/2017 15:40:00",40.7606,-73.9911,"B02512"
"2/9/2017 15:40:00",40.7268,-74.0028,"B02512"
"2/9/2017 15:40:00",40.7235,-74.0062,"B02512"
"2/9/2017 15:41:00",40.7637,-73.9658,"B02512"
"2/9/2017 15:41:00",40.787,-73.9681,"B02512"
"2/9/2017 15:42:00",40.6929,-73.8592,"B02512"
"2/9/2017 15:42:00",40.7389,-73.9965,"B02512"
"2/9/2017 15:43:00",40.7382,-74.0049,"B02512"
"2/9/2017 15:44:00",40.7459,-73.9905,"B02512"
"2/9/2017 15:44:00",40.7555,-73.9836,"B02512"
"2/9/2017 15:44:00",40.7324,-74.0076,"B02512"
"2/9/2017 15:45:00",40.7404,-74.0079,"B02512"
"2/9/2017 15:45:00",40.735,-73.9913,"B02512"
"2/9/2017 15:45:00",40.7455,-73.9989,"B02512"
"2/9/2017 15:46:00",40.7346,-74.0023,"B02512"
"2/9/2017 15:46:00",40.771,-73.9517,"B02512"
"2/9/2017 15:47:00",40.7273,-73.9936,"B02512"
"2/9/2017 15:47:00",40.7311,-74.0067,"B02512"
"2/9/2017 15:47:00",40.7779,-73.9536,"B02512"
"2/9/2017 15:49:00",40.7435,-73.9727,"B02512"
"2/9/2017 15:49:00",40.7153,-74.0105,"B02512"
"2/9/2017 15:53:00",40.6879,-74.1811,"B02512"
"2/9/2017 15:54:00",40.7501,-73.9736,"B02512"
"2/9/2017 15:54:00",40.7309,-73.9895,"B02512"
"2/9/2017 15:54:00",40.7652,-73.9713,"B02512"
"2/9/2017 15:54:00",40.6901,-73.9912,"B02512"
"2/9/2017 15:55:00",40.7616,-73.9866,"B02512"
"2/9/2017 15:55:00",40.7232,-74.004,"B02512"
"2/9/2017 15:55:00",40.7596,-73.9721,"B02512"
"2/9/2017 15:56:00",40.7458,-74.0071,"B02512"
"2/9/2017 15:56:00",40.7137,-74.0366,"B02512"
"2/9/2017 15:57:00",40.7472,-74.0085,"B02512"
"2/9/2017 15:57:00",40.7395,-74.0391,"B02512"
"2/9/2017 15:57:00",40.7395,-74.0391,"B02512"
"2/9/2017 15:58:00",40.7812,-73.9556,"B02512"
"2/9/2017 15:58:00",40.7451,-73.9888,"B02512"
"2/9/2017 15:59:00",40.7346,-73.9757,"B02512"
"2/9/2017 16:00:00",40.741,-73.9923,"B02512"
"2/9/2017 16:00:00",40.7145,-74.0106,"B02512"
"2/9/2017 16:00:00",40.7264,-73.9919,"B02512"
"2/9/2017 16:00:00",40.7387,-73.9801,"B02512"
"2/9/2017 16:02:00",40.7564,-73.9697,"B02512"
"2/9/2017 16:02:00",40.7311,-74.0013,"B02512"
"2/9/2017 16:02:00",40.7714,-73.6814,"B02512"
"2/9/2017 16:02:00",40.8905,-74.2685,"B02512"
"2/9/2017 16:03:00",40.7641,-73.9734,"B02512"
"2/9/2017 16:03:00",40.7719,-73.9902,"B02512"
"2/9/2017 16:04:00",40.7048,-74.0117,"B02512"
"2/9/2017 16:05:00",40.7834,-73.9707,"B02512"
"2/9/2017 16:08:00",40.734,-73.9967,"B02512"
"2/9/2017 16:08:00",40.7236,-73.9984,"B02512"
"2/9/2017 16:09:00",40.7587,-73.9896,"B02512"
"2/9/2017 16:09:00",40.7345,-73.9988,"B02512"
"2/9/2017 16:09:00",40.7448,-73.9835,"B02512"
"2/9/2017 16:10:00",40.7062,-74.0096,"B02512"
"2/9/2017 16:11:00",40.7252,-73.8654,"B02512"
"2/9/2017 16:12:00",40.7535,-73.9809,"B02512"
"2/9/2017 16:13:00",40.7779,-73.9779,"B02512"
"2/9/2017 16:13:00",40.7267,-73.9924,"B02512"
"2/9/2017 16:13:00",40.7772,-73.9635,"B02512"
"2/9/2017 16:14:00",40.7376,-74.0015,"B02512"
"2/9/2017 16:16:00",40.7653,-73.9715,"B02512"
"2/9/2017 16:16:00",40.7634,-73.9735,"B02512"
"2/9/2017 16:17:00",40.7394,-74.0064,"B02512"
"2/9/2017 16:18:00",40.7755,-73.9623,"B02512"
"2/9/2017 16:18:00",40.7666,-73.916,"B02512"
"2/9/2017 16:19:00",40.7347,-73.9946,"B02512"
"2/9/2017 16:20:00",40.7841,-73.9754,"B02512"
"2/9/2017 16:20:00",40.7376,-74.0088,"B02512"
"2/9/2017 16:20:00",40.7399,-74.0061,"B02512"
"2/9/2017 16:21:00",40.7322,-74.002,"B02512"
"2/9/2017 16:22:00",40.7613,-73.9758,"B02512"
"2/9/2017 16:23:00",40.7507,-73.9908,"B02512"
"2/9/2017 16:25:00",40.7449,-73.9872,"B02512"
"2/9/2017 16:26:00",40.7376,-73.9842,"B02512"
"2/9/2017 16:26:00",40.741,-73.9815,"B02512"
"2/9/2017 16:26:00",40.7351,-73.9854,"B02512"
"2/9/2017 16:27:00",40.7195,-74.0106,"B02512"
"2/9/2017 16:28:00",40.7571,-74.001,"B02512"
"2/9/2017 16:29:00",40.7153,-74.0055,"B02512"
"2/9/2017 16:30:00",40.7776,-73.9567,"B02512"
"2/9/2017 16:30:00",40.7467,-74.0049,"B02512"
"2/9/2017 16:30:00",40.756,-73.9965,"B02512"
"2/9/2017 16:33:00",40.6949,-74.1781,"B02512"
"2/9/2017 16:33:00",40.773,-73.9646,"B02512"
"2/9/2017 16:33:00",40.7687,-73.9876,"B02512"
"2/9/2017 16:33:00",40.7437,-74.0378,"B02512"
"2/9/2017 16:33:00",40.7437,-74.0378,"B02512"
"2/9/2017 16:34:00",40.7394,-73.9878,"B02512"
"2/9/2017 16:35:00",40.7483,-74.0065,"B02512"
"2/9/2017 16:36:00",40.739,-74.0081,"B02512"
"2/9/2017 16:37:00",40.7313,-74.01,"B02512"
"2/9/2017 16:37:00",40.8145,-74.5152,"B02512"
"2/9/2017 16:38:00",40.7419,-73.9903,"B02512"
"2/9/2017 16:39:00",40.7444,-73.9846,"B02512"
"2/9/2017 16:39:00",40.7218,-73.989,"B02512"
"2/9/2017 16:40:00",40.7611,-73.958,"B02512"
"2/9/2017 16:40:00",40.7641,-73.9619,"B02512"
"2/9/2017 16:41:00",40.7373,-74.0015,"B02512"
"2/9/2017 16:42:00",40.7283,-73.9943,"B02512"
"2/9/2017 16:42:00",40.7478,-74.0045,"B02512"
"2/9/2017 16:43:00",40.6153,-74.0236,"B02512"
"2/9/2017 16:43:00",40.7801,-73.9852,"B02512"
"2/9/2017 16:44:00",40.7324,-73.9952,"B02512"
"2/9/2017 16:45:00",40.7834,-73.9829,"B02512"
"2/9/2017 16:45:00",40.7311,-73.9757,"B02512"
"2/9/2017 16:46:00",40.7176,-73.8799,"B02512"
"2/9/2017 16:47:00",40.7673,-73.9687,"B02512"
"2/9/2017 16:47:00",40.7235,-74.0027,"B02512"
"2/9/2017 16:47:00",40.7516,-73.9938,"B02512"
"2/9/2017 16:47:00",40.7214,-73.9575,"B02512"
"2/9/2017 16:48:00",40.7376,-74.0089,"B02512"
"2/9/2017 16:50:00",40.7332,-73.99,"B02512"
"2/9/2017 16:50:00",40.7413,-74.0021,"B02512"
"2/9/2017 16:51:00",40.7358,-73.9896,"B02512"
"2/9/2017 16:52:00",40.747,-74.0083,"B02512"
"2/9/2017 16:52:00",40.7352,-74.0013,"B02512"
"2/9/2017 16:53:00",40.7637,-73.9798,"B02512"
"2/9/2017 16:53:00",40.719,-73.9892,"B02512"
"2/9/2017 16:53:00",40.7155,-74.0151,"B02512"
"2/9/2017 16:55:00",40.7365,-73.989,"B02512"
"2/9/2017 16:56:00",40.7176,-73.9942,"B02512"
"2/9/2017 16:56:00",40.7635,-73.9764,"B02512"
"2/9/2017 16:57:00",40.7143,-74.0152,"B02512"
"2/9/2017 16:57:00",40.7431,-73.9913,"B02512"
"2/9/2017 16:57:00",40.6891,-73.9585,"B02512"
"2/9/2017 16:57:00",40.7272,-74.0006,"B02512"
"2/9/2017 16:57:00",40.7226,-73.9831,"B02512"
"2/9/2017 16:58:00",40.765,-73.9704,"B02512"
"2/9/2017 16:58:00",40.7446,-74.0056,"B02512"
"2/9/2017 16:59:00",40.7238,-74.0094,"B02512"
"2/9/2017 17:03:00",40.73,-74.0005,"B02512"
"2/9/2017 17:03:00",40.7648,-73.9726,"B02512"
"2/9/2017 17:03:00",40.7874,-73.9743,"B02512"
"2/9/2017 17:04:00",40.7578,-74.0005,"B02512"
"2/9/2017 17:06:00",40.6923,-73.7169,"B02512"
"2/9/2017 17:07:00",40.7459,-73.9881,"B02512"
"2/9/2017 17:07:00",40.761,-73.9989,"B02512"
"2/9/2017 17:08:00",40.7627,-73.9714,"B02512"
"2/9/2017 17:09:00",40.744,-73.9763,"B02512"
"2/9/2017 17:10:00",40.8047,-73.9653,"B02512"
"2/9/2017 17:11:00",40.7874,-73.9743,"B02512"
"2/9/2017 17:12:00",40.7623,-73.9744,"B02512"
"2/9/2017 17:13:00",40.6752,-73.973,"B02512"
"2/9/2017 17:13:00",40.7833,-73.9765,"B02512"
"2/9/2017 17:14:00",40.6817,-73.9186,"B02512"
"2/9/2017 17:14:00",40.7232,-73.959,"B02512"
"2/9/2017 17:15:00",40.6734,-73.9813,"B02512"
"2/9/2017 17:15:00",40.5875,-73.8979,"B02512"
"2/9/2017 17:16:00",40.7602,-73.9652,"B02512"
"2/9/2017 17:16:00",40.748,-73.9712,"B02512"
"2/9/2017 17:17:00",40.726,-74.0084,"B02512"
"2/9/2017 17:18:00",40.7856,-74.4746,"B02512"
"2/9/2017 17:19:00",40.7458,-73.9938,"B02512"
"2/9/2017 17:19:00",40.7996,-73.9598,"B02512"
"2/9/2017 17:19:00",40.6567,-73.6453,"B02512"
"2/9/2017 17:21:00",40.7633,-73.9648,"B02512"
"2/9/2017 17:21:00",40.7197,-73.9548,"B02512"
"2/9/2017 17:21:00",40.7576,-74.0008,"B02512"
"2/9/2017 17:21:00",40.7658,-73.9828,"B02512"
"2/9/2017 17:21:00",40.7079,-74.0136,"B02512"
"2/9/2017 17:22:00",40.8501,-73.9348,"B02512"
"2/9/2017 17:22:00",40.7533,-73.9809,"B02512"
"2/9/2017 17:23:00",40.645,-73.782,"B02512"
"2/9/2017 17:23:00",40.7231,-73.9588,"B02512"
"2/9/2017 17:23:00",40.7216,-74.0099,"B02512"
"2/9/2017 17:24:00",40.78,-73.9607,"B02512"
"2/9/2017 17:24:00",40.7281,-73.988,"B02512"
"2/9/2017 17:24:00",41.0267,-74.2181,"B02512"
"2/9/2017 17:25:00",40.7717,-73.9809,"B02512"
"2/9/2017 17:25:00",40.7558,-73.9861,"B02512"
"2/9/2017 17:25:00",40.7136,-73.9789,"B02512"
"2/9/2017 17:26:00",40.7463,-73.9968,"B02512"
"2/9/2017 17:26:00",40.7711,-73.9567,"B02512"
"2/9/2017 17:26:00",40.7721,-73.9461,"B02512"
"2/9/2017 17:27:00",40.7367,-73.9889,"B02512"
"2/9/2017 17:27:00",40.7615,-73.9774,"B02512"
"2/9/2017 17:28:00",40.6448,-73.7818,"B02512"
"2/9/2017 17:29:00",40.7951,-73.9659,"B02512"
"2/9/2017 17:31:00",40.7794,-73.962,"B02512"
"2/9/2017 17:32:00",40.7717,-73.9808,"B02512"
"2/9/2017 17:33:00",40.772,-73.9598,"B02512"
"2/9/2017 17:33:00",40.7369,-74.0037,"B02512"
"2/9/2017 17:33:00",40.7554,-73.9774,"B02512"
"2/9/2017 17:33:00",40.8815,-74.2198,"B02512"
"2/9/2017 17:33:00",40.7547,-74.0071,"B02512"
"2/9/2017 17:34:00",40.7771,-73.9618,"B02512"
"2/9/2017 17:34:00",40.7643,-73.9634,"B02512"
"2/9/2017 17:34:00",40.7658,-73.9666,"B02512"
"2/9/2017 17:34:00",40.7195,-73.9634,"B02512"
"2/9/2017 17:35:00",40.7568,-73.97,"B02512"
"2/9/2017 17:35:00",40.6937,-73.9982,"B02512"
"2/9/2017 17:36:00",40.7731,-73.9543,"B02512"
"2/9/2017 17:36:00",40.7268,-74.0033,"B02512"
"2/9/2017 17:37:00",40.7103,-73.9846,"B02512"
"2/9/2017 17:37:00",40.6527,-73.7257,"B02512"
"2/9/2017 17:39:00",40.7785,-73.9606,"B02512"
"2/9/2017 17:40:00",40.7637,-73.9638,"B02512"
"2/9/2017 17:40:00",40.7761,-73.9612,"B02512"
"2/9/2017 17:40:00",40.7019,-73.8097,"B02512"
"2/9/2017 17:40:00",40.7396,-74.0064,"B02512"
"2/9/2017 17:41:00",40.7824,-73.9846,"B02512"
"2/9/2017 17:44:00",40.716,-74.0164,"B02512"
"2/9/2017 17:45:00",40.7427,-73.9944,"B02512"
"2/9/2017 17:47:00",40.7699,-73.9611,"B02512"
"2/9/2017 17:47:00",40.7278,-74.0015,"B02512"
"2/9/2017 17:48:00",40.7651,-73.9711,"B02512"
"2/9/2017 17:49:00",40.728,-74.0017,"B02512"
"2/9/2017 17:50:00",40.7098,-74.0099,"B02512"
"2/9/2017 17:51:00",40.7564,-73.9894,"B02512"
"2/9/2017 17:53:00",40.722,-74.0029,"B02512"
"2/9/2017 17:54:00",40.708,-74.0061,"B02512"
"2/9/2017 17:54:00",40.7737,-73.9458,"B02512"
"2/9/2017 17:55:00",40.7716,-73.9826,"B02512"
"2/9/2017 17:55:00",40.7281,-73.9902,"B02512"
"2/9/2017 17:56:00",40.7195,-74.0051,"B02512"
"2/9/2017 17:56:00",40.7224,-74.0048,"B02512"
"2/9/2017 17:57:00",40.7606,-73.9744,"B02512"
"2/9/2017 17:57:00",40.7332,-73.9969,"B02512"
"2/9/2017 17:58:00",40.7887,-73.9779,"B02512"
"2/9/2017 18:00:00",40.72,-74.0015,"B02512"
"2/9/2017 18:00:00",40.7039,-73.9867,"B02512"
"2/9/2017 18:02:00",40.7962,-73.9706,"B02512"
"2/9/2017 18:03:00",40.7922,-73.9659,"B02512"
"2/9/2017 18:05:00",40.7664,-73.9783,"B02512"
"2/9/2017 18:06:00",40.9286,-73.9533,"B02512"
"2/9/2017 18:06:00",40.7389,-74.0088,"B02512"
"2/9/2017 18:07:00",40.7246,-73.9934,"B02512"
"2/9/2017 18:07:00",40.7296,-73.9916,"B02512"
"2/9/2017 18:07:00",40.3537,-74.0565,"B02512"
"2/9/2017 18:07:00",40.7167,-73.9656,"B02512"
"2/9/2017 18:07:00",40.7241,-74.0002,"B02512"
"2/9/2017 18:07:00",40.7228,-74.0001,"B02512"
"2/9/2017 18:08:00",40.7517,-73.9762,"B02512"
"2/9/2017 18:08:00",40.5256,-74.4579,"B02512"
"2/9/2017 18:09:00",40.7111,-73.9587,"B02512"
"2/9/2017 18:10:00",40.8131,-73.9586,"B02512"
"2/9/2017 18:10:00",40.7227,-73.9926,"B02512"
"2/9/2017 18:10:00",40.7381,-73.9868,"B02512"
"2/9/2017 18:11:00",40.664,-73.7085,"B02512"
"2/9/2017 18:11:00",40.7456,-73.9719,"B02512"
"2/9/2017 18:11:00",40.7193,-74.0018,"B02512"
"2/9/2017 18:11:00",40.7175,-74.0037,"B02512"
"2/9/2017 18:12:00",40.7795,-73.9458,"B02512"
"2/9/2017 18:12:00",40.7472,-74.01,"B02512"
"2/9/2017 18:12:00",40.7468,-73.9855,"B02512"
"2/9/2017 18:12:00",40.7594,-73.9693,"B02512"
"2/9/2017 18:13:00",40.7576,-73.9757,"B02512"
"2/9/2017 18:13:00",40.7684,-73.9574,"B02512"
"2/9/2017 18:14:00",40.7772,-73.9619,"B02512"
"2/9/2017 18:14:00",40.802,-73.9647,"B02512"
"2/9/2017 18:15:00",40.7162,-74.0163,"B02512"
"2/9/2017 18:15:00",40.669,-73.952,"B02512"
"2/9/2017 18:15:00",40.7299,-74.0006,"B02512"
"2/9/2017 18:15:00",40.7299,-74.0006,"B02512"
"2/9/2017 18:15:00",40.7233,-73.9975,"B02512"
"2/9/2017 18:15:00",40.7479,-73.9564,"B02512"
"2/9/2017 18:15:00",40.7395,-73.9845,"B02512"
"2/9/2017 18:15:00",40.7576,-73.9758,"B02512"
"2/9/2017 18:16:00",40.726,-73.9926,"B02512"
"2/9/2017 18:16:00",40.7513,-73.9761,"B02512"
"2/9/2017 18:16:00",40.7156,-74.0061,"B02512"
"2/9/2017 18:17:00",40.7689,-73.9627,"B02512"
"2/9/2017 18:18:00",40.7162,-73.9874,"B02512"
"2/9/2017 18:18:00",40.7064,-74.0095,"B02512"
"2/9/2017 18:19:00",40.6916,-73.9239,"B02512"
"2/9/2017 18:20:00",40.7608,-73.9903,"B02512"
"2/9/2017 18:20:00",40.771,-73.9517,"B02512"
"2/9/2017 18:20:00",40.7252,-73.9998,"B02512"
"2/9/2017 18:21:00",40.6456,-73.7768,"B02512"
"2/9/2017 18:21:00",40.7636,-73.9695,"B02512"
"2/9/2017 18:21:00",40.7804,-73.9874,"B02512"
"2/9/2017 18:22:00",40.7592,-73.9675,"B02512"
"2/9/2017 18:22:00",40.7711,-73.9912,"B02512"
"2/9/2017 18:22:00",40.7644,-73.9834,"B02512"
"2/9/2017 18:22:00",40.7561,-73.9632,"B02512"
"2/9/2017 18:23:00",40.7516,-73.9709,"B02512"
"2/9/2017 18:24:00",40.6864,-73.54,"B02512"
"2/9/2017 18:26:00",40.7168,-74.0151,"B02512"
"2/9/2017 18:26:00",40.7599,-73.9903,"B02512"
"2/9/2017 18:26:00",40.7625,-73.9963,"B02512"
"2/9/2017 18:26:00",40.7449,-73.9578,"B02512"
"2/9/2017 18:26:00",40.7104,-73.9847,"B02512"
"2/9/2017 18:27:00",40.7731,-73.946,"B02512"
"2/9/2017 18:27:00",40.7828,-73.9574,"B02512"
"2/9/2017 18:27:00",40.7203,-74.0022,"B02512"
"2/9/2017 18:27:00",40.7095,-74.0175,"B02512"
"2/9/2017 18:28:00",40.7205,-74.0084,"B02512"
"2/9/2017 18:29:00",40.6975,-73.9934,"B02512"
"2/9/2017 18:30:00",40.7388,-74.0092,"B02512"
"2/9/2017 18:30:00",40.7761,-73.9554,"B02512"
"2/9/2017 18:31:00",40.7381,-74.0083,"B02512"
"2/9/2017 18:32:00",40.717,-73.9535,"B02512"
"2/9/2017 18:34:00",40.724,-74.0107,"B02512"
"2/9/2017 18:34:00",40.7436,-74.0071,"B02512"
"2/9/2017 18:36:00",40.7396,-74.0027,"B02512"
"2/9/2017 18:36:00",40.7585,-73.983,"B02512"
"2/9/2017 18:36:00",40.7593,-73.9651,"B02512"
"2/9/2017 18:37:00",40.7352,-74.0055,"B02512"
"2/9/2017 18:37:00",40.7588,-73.969,"B02512"
"2/9/2017 18:38:00",40.7635,-73.9819,"B02512"
"2/9/2017 18:38:00",40.7122,-73.9661,"B02512"
"2/9/2017 18:39:00",40.7157,-74.016,"B02512"
"2/9/2017 18:39:00",40.7187,-73.9635,"B02512"
"2/9/2017 18:39:00",40.7771,-73.9595,"B02512"
"2/9/2017 18:39:00",40.7742,-73.9887,"B02512"
"2/9/2017 18:39:00",40.7212,-73.9984,"B02512"
"2/9/2017 18:40:00",40.7783,-73.985,"B02512"
"2/9/2017 18:40:00",40.7347,-74.0095,"B02512"
"2/9/2017 18:41:00",40.7627,-73.9658,"B02512"
"2/9/2017 18:42:00",40.7561,-73.9632,"B02512"
"2/9/2017 18:43:00",40.7759,-73.9608,"B02512"
"2/9/2017 18:43:00",40.7607,-73.9992,"B02512"
"2/9/2017 18:43:00",40.7182,-74.0048,"B02512"
"2/9/2017 18:43:00",40.6735,-73.9508,"B02512"
"2/9/2017 18:44:00",40.7376,-74.0092,"B02512"
"2/9/2017 18:44:00",40.7482,-73.9808,"B02512"
"2/9/2017 18:45:00",40.7704,-73.9642,"B02512"
"2/9/2017 18:45:00",40.9019,-73.9605,"B02512"
"2/9/2017 18:46:00",40.7713,-73.9637,"B02512"
"2/9/2017 18:46:00",40.7741,-73.9788,"B02512"
"2/9/2017 18:46:00",40.7504,-73.9947,"B02512"
"2/9/2017 18:46:00",40.7399,-74.0024,"B02512"
"2/9/2017 18:46:00",40.7912,-73.9754,"B02512"
"2/9/2017 18:46:00",40.7818,-73.9774,"B02512"
"2/9/2017 18:46:00",40.7236,-74.0109,"B02512"
"2/9/2017 18:47:00",40.7623,-73.9739,"B02512"
"2/9/2017 18:47:00",40.7448,-73.9809,"B02512"
"2/9/2017 18:47:00",40.6774,-73.9632,"B02512"
"2/9/2017 18:47:00",40.6447,-73.9809,"B02512"
"2/9/2017 18:48:00",40.7159,-73.9451,"B02512"
"2/9/2017 18:48:00",40.7453,-73.9907,"B02512"
"2/9/2017 18:49:00",40.7418,-73.9974,"B02512"
"2/9/2017 18:49:00",40.7231,-73.9857,"B02512"
"2/9/2017 18:50:00",40.7554,-73.9252,"B02512"
"2/9/2017 18:50:00",40.7505,-73.9856,"B02512"
"2/9/2017 18:52:00",40.7788,-73.962,"B02512"
"2/9/2017 18:52:00",40.759,-73.9894,"B02512"
"2/9/2017 18:52:00",40.7868,-73.9684,"B02512"
"2/9/2017 18:53:00",40.7622,-73.9788,"B02512"
"2/9/2017 18:53:00",40.6944,-73.9954,"B02512"
"2/9/2017 18:54:00",40.7481,-73.9818,"B02512"
"2/9/2017 18:54:00",40.7368,-73.9906,"B02512"
"2/9/2017 18:54:00",40.7627,-73.9667,"B02512"
"2/9/2017 18:55:00",40.6428,-73.9596,"B02512"
"2/9/2017 18:56:00",40.7546,-73.9637,"B02512"
"2/9/2017 18:56:00",40.7683,-73.9615,"B02512"
"2/9/2017 18:57:00",40.763,-73.9802,"B02512"
"2/9/2017 18:57:00",40.8001,-73.9611,"B02512"
"2/9/2017 18:57:00",40.7127,-73.963,"B02512"
"2/9/2017 18:58:00",40.7545,-73.9674,"B02512"
"2/9/2017 18:58:00",40.7475,-74.0365,"B02512"
"2/9/2017 18:58:00",40.7063,-74.0094,"B02512"
"2/9/2017 18:59:00",40.7523,-73.9731,"B02512"
"2/9/2017 18:59:00",40.7714,-73.9604,"B02512"
"2/9/2017 19:00:00",40.7868,-73.9684,"B02512"
"2/9/2017 19:01:00",40.7777,-73.951,"B02512"
"2/9/2017 19:01:00",40.7777,-73.951,"B02512"
"2/9/2017 19:01:00",40.6936,-74.1828,"B02512"
"2/9/2017 19:01:00",40.7376,-73.9925,"B02512"
"2/9/2017 19:01:00",40.7381,-74.0073,"B02512"
"2/9/2017 19:01:00",40.7595,-73.9944,"B02512"
"2/9/2017 19:02:00",40.7752,-73.9776,"B02512"
"2/9/2017 19:02:00",40.7752,-73.9636,"B02512"
"2/9/2017 19:04:00",40.775,-73.9789,"B02512"
"2/9/2017 19:04:00",40.7698,-73.9908,"B02512"
"2/9/2017 19:04:00",40.7345,-73.9899,"B02512"
"2/9/2017 19:04:00",40.7891,-73.9486,"B02512"
"2/9/2017 19:05:00",40.791,-73.9535,"B02512"
"2/9/2017 19:06:00",40.7366,-73.9785,"B02512"
"2/9/2017 19:06:00",40.731,-74.0013,"B02512"
"2/9/2017 19:06:00",40.6483,-73.7825,"B02512"
"2/9/2017 19:07:00",40.7368,-73.9906,"B02512"
"2/9/2017 19:07:00",40.5122,-74.4668,"B02512"
"2/9/2017 19:07:00",40.695,-74.1784,"B02512"
"2/9/2017 19:08:00",40.7174,-74.0047,"B02512"
"2/9/2017 19:08:00",40.7398,-73.9963,"B02512"
"2/9/2017 19:08:00",40.7413,-73.9811,"B02512"
"2/9/2017 19:08:00",40.6717,-73.9359,"B02512"
"2/9/2017 19:08:00",40.737,-74.0001,"B02512"
"2/9/2017 19:09:00",40.7767,-73.9631,"B02512"
"2/9/2017 19:10:00",40.7305,-74.0026,"B02512"
"2/9/2017 19:10:00",40.7372,-73.9962,"B02512"
"2/9/2017 19:10:00",40.7577,-73.9674,"B02512"
"2/9/2017 19:10:00",40.7577,-74.0008,"B02512"
"2/9/2017 19:11:00",40.7386,-73.9847,"B02512"
"2/9/2017 19:12:00",40.6241,-74.0106,"B02512"
"2/9/2017 19:12:00",40.7669,-73.9668,"B02512"
"2/9/2017 19:13:00",40.7153,-74.0158,"B02512"
"2/9/2017 19:15:00",40.7582,-73.9787,"B02512"
"2/9/2017 19:15:00",40.7168,-73.9621,"B02512"
"2/9/2017 19:15:00",40.7342,-73.978,"B02512"
"2/9/2017 19:15:00",40.6467,-73.7897,"B02512"
"2/9/2017 19:16:00",40.7384,-73.9834,"B02512"
"2/9/2017 19:17:00",40.7433,-73.9568,"B02512"
"2/9/2017 19:17:00",40.7677,-73.9819,"B02512"
"2/9/2017 19:17:00",40.7593,-73.9651,"B02512"
"2/9/2017 19:17:00",40.7711,-73.9633,"B02512"
"2/9/2017 19:17:00",40.7901,-73.977,"B02512"
"2/9/2017 19:17:00",40.7595,-74.0225,"B02512"
"2/9/2017 19:17:00",40.7196,-74.0368,"B02512"
"2/9/2017 19:17:00",40.7196,-74.0368,"B02512"
"2/9/2017 19:18:00",40.7076,-74.017,"B02512"
"2/9/2017 19:18:00",40.7486,-74.0043,"B02512"
"2/9/2017 19:18:00",40.7174,-73.9924,"B02512"
"2/9/2017 19:19:00",40.7843,-73.9549,"B02512"
"2/9/2017 19:21:00",40.7507,-73.9765,"B02512"
"2/9/2017 19:21:00",40.6872,-73.7749,"B02512"
"2/9/2017 19:21:00",40.7072,-74.0164,"B02512"
"2/9/2017 19:22:00",40.7563,-73.9974,"B02512"
"2/9/2017 19:23:00",40.7455,-73.9886,"B02512"
"2/9/2017 19:23:00",40.7357,-73.9886,"B02512"
"2/9/2017 19:23:00",40.7859,-73.9531,"B02512"
"2/9/2017 19:23:00",40.804,-73.9642,"B02512"
"2/9/2017 19:23:00",40.8052,-73.9661,"B02512"
"2/9/2017 19:23:00",40.7672,-73.9561,"B02512"
"2/9/2017 19:24:00",40.7769,-73.9822,"B02512"
"2/9/2017 19:25:00",40.7305,-73.9947,"B02512"
"2/9/2017 19:25:00",40.6894,-73.9741,"B02512"
"2/9/2017 19:26:00",40.7824,-73.9807,"B02512"
"2/9/2017 19:26:00",40.7624,-73.9753,"B02512"
"2/9/2017 19:27:00",40.7587,-73.9887,"B02512"
"2/9/2017 19:27:00",40.7322,-73.9866,"B02512"
"2/9/2017 19:27:00",40.7762,-73.9579,"B02512"
"2/9/2017 19:28:00",40.7613,-73.9674,"B02512"
"2/9/2017 19:28:00",40.7379,-74.0065,"B02512"
"2/9/2017 19:28:00",40.7356,-74.0033,"B02512"
"2/9/2017 19:29:00",40.765,-73.9537,"B02512"
"2/9/2017 19:29:00",40.8557,-73.8875,"B02512"
"2/9/2017 19:29:00",40.7793,-73.9811,"B02512"
"2/9/2017 19:29:00",40.7609,-73.9864,"B02512"
"2/9/2017 19:31:00",40.7589,-73.9812,"B02512"
"2/9/2017 19:31:00",40.6462,-73.7904,"B02512"
"2/9/2017 19:32:00",40.7441,-74.0366,"B02512"
"2/9/2017 19:32:00",40.7186,-73.9881,"B02512"
"2/9/2017 19:32:00",40.7159,-74.0113,"B02512"
"2/9/2017 19:32:00",40.8073,-73.9551,"B02512"
"2/9/2017 19:33:00",40.7271,-73.9878,"B02512"
"2/9/2017 19:33:00",40.7246,-73.9916,"B02512"
"2/9/2017 19:34:00",40.7564,-73.9974,"B02512"
"2/9/2017 19:35:00",40.7031,-74.011,"B02512"
"2/9/2017 19:36:00",40.7869,-73.968,"B02512"
"2/9/2017 19:37:00",40.7868,-73.973,"B02512"
"2/9/2017 19:38:00",40.7777,-73.9816,"B02512"
"2/9/2017 19:39:00",40.7577,-73.9894,"B02512"
"2/9/2017 19:39:00",40.5065,-74.465,"B02512"
"2/9/2017 19:39:00",40.7711,-73.9596,"B02512"
"2/9/2017 19:40:00",40.7238,-74.0108,"B02512"
"2/9/2017 19:40:00",40.7885,-73.9764,"B02512"
"2/9/2017 19:42:00",40.6418,-73.7881,"B02512"
"2/9/2017 19:44:00",40.7748,-73.991,"B02512"
"2/9/2017 19:44:00",40.6416,-73.7883,"B02512"
"2/9/2017 19:45:00",40.7723,-73.9863,"B02512"
"2/9/2017 19:45:00",40.7169,-73.9426,"B02512"
"2/9/2017 19:45:00",40.7513,-74.0067,"B02512"
"2/9/2017 19:45:00",40.8196,-74.3424,"B02512"
"2/9/2017 19:45:00",40.8196,-74.3424,"B02512"
"2/9/2017 19:45:00",40.7061,-74.0097,"B02512"
"2/9/2017 19:47:00",40.7501,-73.9865,"B02512"
"2/9/2017 19:48:00",40.7325,-73.9969,"B02512"
"2/9/2017 19:48:00",40.7651,-73.9754,"B02512"
"2/9/2017 19:50:00",40.764,-73.9588,"B02512"
"2/9/2017 19:50:00",40.7355,-73.9853,"B02512"
"2/9/2017 19:50:00",40.7412,-73.9928,"B02512"
"2/9/2017 19:51:00",40.7215,-74.001,"B02512"
"2/9/2017 19:51:00",40.733,-73.9906,"B02512"
"2/9/2017 19:51:00",40.7714,-73.9646,"B02512"
"2/9/2017 19:51:00",40.7386,-73.9977,"B02512"
"2/9/2017 19:52:00",40.7691,-73.9829,"B02512"
"2/9/2017 19:53:00",40.7706,-73.9921,"B02512"
"2/9/2017 19:53:00",40.6814,-73.7178,"B02512"
"2/9/2017 19:53:00",40.7679,-73.9839,"B02512"
"2/9/2017 19:53:00",40.7328,-74.0015,"B02512"
"2/9/2017 19:55:00",40.7784,-73.9831,"B02512"
"2/9/2017 19:55:00",40.7745,-73.9654,"B02512"
"2/9/2017 19:57:00",40.7304,-73.9937,"B02512"
"2/9/2017 19:57:00",40.6743,-73.9529,"B02512"
"2/9/2017 19:58:00",40.7361,-74.0019,"B02512"
"2/9/2017 19:58:00",40.7281,-73.9989,"B02512"
"2/9/2017 19:59:00",40.7544,-73.975,"B02512"
"2/9/2017 19:59:00",40.6588,-73.9311,"B02512"
"2/9/2017 20:00:00",40.7403,-74.0338,"B02512"
"2/9/2017 20:00:00",40.7403,-74.0338,"B02512"
"2/9/2017 20:00:00",40.7793,-73.9813,"B02512"
"2/9/2017 20:01:00",40.7749,-73.9567,"B02512"
"2/9/2017 20:01:00",40.7692,-73.9811,"B02512"
"2/9/2017 20:01:00",40.7293,-74.0036,"B02512"
"2/9/2017 20:02:00",40.7498,-73.9936,"B02512"
"2/9/2017 20:02:00",40.7308,-74.0084,"B02512"
"2/9/2017 20:02:00",40.7402,-74.0037,"B02512"
"2/9/2017 20:02:00",40.7655,-73.98,"B02512"
"2/9/2017 20:03:00",40.7664,-73.9587,"B02512"
"2/9/2017 20:04:00",40.7186,-74.0078,"B02512"
"2/9/2017 20:05:00",40.7653,-73.9804,"B02512"
"2/9/2017 20:06:00",40.7209,-74.0043,"B02512"
"2/9/2017 20:06:00",40.7408,-74.0052,"B02512"
"2/9/2017 20:07:00",40.7668,-73.9845,"B02512"
"2/9/2017 20:09:00",40.7256,-73.9868,"B02512"
"2/9/2017 20:10:00",40.7309,-73.993,"B02512"
"2/9/2017 20:10:00",40.7321,-73.9565,"B02512"
"2/9/2017 20:11:00",40.726,-73.9948,"B02512"
"2/9/2017 20:13:00",40.7627,-73.9657,"B02512"
"2/9/2017 20:14:00",40.7783,-73.981,"B02512"
"2/9/2017 20:14:00",40.7466,-73.992,"B02512"
"2/9/2017 20:14:00",40.7249,-73.9576,"B02512"
"2/9/2017 20:15:00",40.7669,-73.956,"B02512"
"2/9/2017 20:15:00",40.7743,-73.957,"B02512"
"2/9/2017 20:15:00",40.7158,-74.0115,"B02512"
"2/9/2017 20:16:00",40.7492,-73.9489,"B02512"
"2/9/2017 20:16:00",40.7512,-73.7943,"B02512"
"2/9/2017 20:17:00",40.7435,-74.0035,"B02512"
"2/9/2017 20:17:00",40.9205,-73.1438,"B02512"
"2/9/2017 20:17:00",40.7222,-74.0098,"B02512"
"2/9/2017 20:19:00",40.7239,-73.979,"B02512"
"2/9/2017 20:20:00",40.7803,-73.9517,"B02512"
"2/9/2017 20:23:00",40.7633,-74.0344,"B02512"
"2/9/2017 20:26:00",40.7189,-73.9579,"B02512"
"2/9/2017 20:26:00",40.7281,-73.9866,"B02512"
"2/9/2017 20:27:00",40.7746,-73.951,"B02512"
"2/9/2017 20:27:00",40.7193,-74.0103,"B02512"
"2/9/2017 20:28:00",40.7206,-73.9858,"B02512"
"2/9/2017 20:28:00",40.7752,-73.9475,"B02512"
"2/9/2017 20:29:00",40.7411,-74.0056,"B02512"
"2/9/2017 20:31:00",40.7197,-74.0426,"B02512"
"2/9/2017 20:31:00",40.7197,-74.0426,"B02512"
"2/9/2017 20:32:00",40.7252,-73.9844,"B02512"
"2/9/2017 20:33:00",40.7241,-74.01,"B02512"
"2/9/2017 20:33:00",40.7268,-73.9946,"B02512"
"2/9/2017 20:35:00",40.7301,-74.0049,"B02512"
"2/9/2017 20:35:00",40.7368,-73.9804,"B02512"
"2/9/2017 20:36:00",40.6791,-73.9715,"B02512"
"2/9/2017 20:37:00",40.6737,-73.9921,"B02512"
"2/9/2017 20:39:00",40.7647,-73.9706,"B02512"
"2/9/2017 20:41:00",40.7373,-73.9794,"B02512"
"2/9/2017 20:42:00",40.7228,-73.9492,"B02512"
"2/9/2017 20:42:00",40.7444,-73.9808,"B02512"
"2/9/2017 20:43:00",40.7501,-73.9792,"B02512"
"2/9/2017 20:43:00",40.7566,-73.9723,"B02512"
"2/9/2017 20:44:00",40.722,-73.9874,"B02512"
"2/9/2017 20:44:00",40.7768,-73.9891,"B02512"
"2/9/2017 20:45:00",40.7526,-73.9874,"B02512"
"2/9/2017 20:46:00",40.731,-73.9839,"B02512"
"2/9/2017 20:46:00",40.7323,-74.0018,"B02512"
"2/9/2017 20:47:00",40.7247,-73.9918,"B02512"
"2/9/2017 20:48:00",40.6885,-73.9991,"B02512"
"2/9/2017 20:48:00",40.6868,-73.9845,"B02512"
"2/9/2017 20:50:00",40.7811,-73.9593,"B02512"
"2/9/2017 20:51:00",40.7619,-73.9754,"B02512"
"2/9/2017 20:51:00",40.714,-74.0096,"B02512"
"2/9/2017 20:52:00",40.7693,-73.9888,"B02512"
"2/9/2017 20:53:00",40.7316,-74.0011,"B02512"
"2/9/2017 20:53:00",40.7555,-73.971,"B02512"
"2/9/2017 20:53:00",40.8307,-74.1396,"B02512"
"2/9/2017 20:54:00",40.763,-73.9811,"B02512"
"2/9/2017 20:54:00",40.7479,-74.0007,"B02512"
"2/9/2017 20:54:00",40.746,-73.9781,"B02512"
"2/9/2017 20:54:00",40.7363,-74.0032,"B02512"
"2/9/2017 20:55:00",40.7586,-73.9682,"B02512"
"2/9/2017 20:55:00",40.7786,-73.9581,"B02512"
"2/9/2017 20:56:00",40.7065,-74.0167,"B02512"
"2/9/2017 20:56:00",40.706,-74.0042,"B02512"
"2/9/2017 20:57:00",40.7685,-73.9497,"B02512"
"2/9/2017 20:57:00",40.7423,-74.0362,"B02512"
"2/9/2017 20:59:00",40.7144,-73.9968,"B02512"
"2/9/2017 20:59:00",40.7636,-73.9962,"B02512"
"2/9/2017 20:59:00",40.7889,-73.978,"B02512"
"2/9/2017 21:01:00",40.739,-73.9935,"B02512"
"2/9/2017 21:03:00",40.7341,-73.9936,"B02512"
"2/9/2017 21:03:00",40.7778,-73.9617,"B02512"
"2/9/2017 21:04:00",40.7192,-74.0088,"B02512"
"2/9/2017 21:05:00",40.7434,-73.9578,"B02512"
"2/9/2017 21:06:00",40.6921,-74.1812,"B02512"
"2/9/2017 21:07:00",40.7344,-73.9981,"B02512"
"2/9/2017 21:08:00",40.7743,-73.8728,"B02512"
"2/9/2017 21:08:00",40.7254,-73.9803,"B02512"
"2/9/2017 21:09:00",40.771,-73.9873,"B02512"
"2/9/2017 21:09:00",40.7468,-74.0078,"B02512"
"2/9/2017 21:09:00",40.7231,-73.9929,"B02512"
"2/9/2017 21:11:00",40.7072,-74.0163,"B02512"
"2/9/2017 21:11:00",40.7109,-74.0057,"B02512"
"2/9/2017 21:11:00",40.7174,-74.0073,"B02512"
"2/9/2017 21:12:00",40.7528,-73.9734,"B02512"
"2/9/2017 21:12:00",40.716,-74.0087,"B02512"
"2/9/2017 21:13:00",40.75,-73.9843,"B02512"
"2/9/2017 21:13:00",40.7189,-73.9469,"B02512"
"2/9/2017 21:13:00",40.7235,-74.0107,"B02512"
"2/9/2017 21:13:00",40.7235,-74.0107,"B02512"
"2/9/2017 21:14:00",40.8584,-74.3392,"B02512"
"2/9/2017 21:15:00",40.7256,-74.0053,"B02512"
"2/9/2017 21:15:00",40.7256,-74.0053,"B02512"
"2/9/2017 21:16:00",40.729,-73.9814,"B02512"
"2/9/2017 21:16:00",40.7456,-73.9754,"B02512"
"2/9/2017 21:16:00",40.7215,-73.9979,"B02512"
"2/9/2017 21:16:00",40.7261,-73.9895,"B02512"
"2/9/2017 21:16:00",40.7398,-73.9933,"B02512"
"2/9/2017 21:17:00",40.7787,-73.956,"B02512"
"2/9/2017 21:18:00",40.7883,-73.9526,"B02512"
"2/9/2017 21:19:00",40.7137,-74.0086,"B02512"
"2/9/2017 21:22:00",40.6837,-73.9405,"B02512"
"2/9/2017 21:22:00",40.7053,-74.0172,"B02512"
"2/9/2017 21:22:00",40.7841,-73.9706,"B02512"
"2/9/2017 21:22:00",40.7363,-73.9553,"B02512"
"2/9/2017 21:23:00",40.7192,-73.963,"B02512"
"2/9/2017 21:23:00",40.7301,-73.9553,"B02512"
"2/9/2017 21:23:00",40.7668,-73.9577,"B02512"
"2/9/2017 21:23:00",40.6636,-73.9896,"B02512"
"2/9/2017 21:24:00",40.7224,-73.997,"B02512"
"2/9/2017 21:25:00",40.7614,-73.9859,"B02512"
"2/9/2017 21:25:00",40.7614,-73.9867,"B02512"
"2/9/2017 21:25:00",40.7178,-74.0106,"B02512"
"2/9/2017 21:26:00",40.76,-73.9734,"B02512"
"2/9/2017 21:26:00",40.7583,-73.9786,"B02512"
"2/9/2017 21:27:00",40.726,-74.0099,"B02512"
"2/9/2017 21:27:00",40.726,-74.0099,"B02512"
"2/9/2017 21:27:00",40.7357,-74.0006,"B02512"
"2/9/2017 21:30:00",40.7404,-74.0417,"B02512"
"2/9/2017 21:31:00",40.7233,-74.0084,"B02512"
"2/9/2017 21:32:00",40.7583,-73.988,"B02512"
"2/9/2017 21:34:00",40.7413,-73.9962,"B02512"
"2/9/2017 21:35:00",40.7323,-74.0035,"B02512"
"2/9/2017 21:35:00",40.7268,-74.0035,"B02512"
"2/9/2017 21:35:00",40.7331,-74.0031,"B02512"
"2/9/2017 21:36:00",40.7296,-73.978,"B02512"
"2/9/2017 21:36:00",40.7603,-73.9778,"B02512"
"2/9/2017 21:36:00",40.7552,-73.9839,"B02512"
"2/9/2017 21:37:00",40.7592,-73.9726,"B02512"
"2/9/2017 21:37:00",40.7231,-73.9941,"B02512"
"2/9/2017 21:37:00",40.6758,-73.9499,"B02512"
"2/9/2017 21:37:00",40.7166,-74.0069,"B02512"
"2/9/2017 21:39:00",40.7599,-73.9722,"B02512"
"2/9/2017 21:41:00",40.7255,-73.9478,"B02512"
"2/9/2017 21:41:00",40.7592,-73.9749,"B02512"
"2/9/2017 21:42:00",40.7685,-73.8872,"B02512"
"2/9/2017 21:42:00",40.7379,-74.0065,"B02512"
"2/9/2017 21:43:00",40.6769,-73.9723,"B02512"
"2/9/2017 21:43:00",40.7424,-74.0061,"B02512"
"2/9/2017 21:43:00",40.7573,-73.9875,"B02512"
"2/9/2017 21:43:00",40.7247,-73.9985,"B02512"
"2/9/2017 21:44:00",40.8295,-73.9284,"B02512"
"2/9/2017 21:44:00",40.7424,-74.0028,"B02512"
"2/9/2017 21:45:00",40.7192,-74.0063,"B02512"
"2/9/2017 21:46:00",40.7206,-73.7972,"B02512"
"2/9/2017 21:47:00",40.7213,-73.9881,"B02512"
"2/9/2017 21:48:00",40.7872,-73.9543,"B02512"
"2/9/2017 21:48:00",40.7412,-74.008,"B02512"
"2/9/2017 21:48:00",40.7412,-74.008,"B02512"
"2/9/2017 21:49:00",40.7704,-73.9501,"B02512"
"2/9/2017 21:49:00",40.7566,-73.9668,"B02512"
"2/9/2017 21:49:00",40.7405,-74.0056,"B02512"
"2/9/2017 21:49:00",40.7602,-73.9875,"B02512"
"2/9/2017 21:50:00",40.7402,-74.006,"B02512"
"2/9/2017 21:52:00",40.7087,-73.8278,"B02512"
"2/9/2017 21:52:00",40.7375,-74.0309,"B02512"
"2/9/2017 21:52:00",40.7375,-74.0309,"B02512"
"2/9/2017 21:53:00",40.7749,-73.9885,"B02512"
"2/9/2017 21:53:00",40.7317,-73.9992,"B02512"
"2/9/2017 21:53:00",40.6861,-73.9734,"B02512"
"2/9/2017 21:54:00",40.7181,-73.9523,"B02512"
"2/9/2017 21:55:00",40.6458,-73.7768,"B02512"
"2/9/2017 21:56:00",40.7783,-73.985,"B02512"
"2/9/2017 21:56:00",40.7253,-73.978,"B02512"
"2/9/2017 21:57:00",40.7517,-73.9718,"B02512"
"2/9/2017 21:57:00",40.7268,-73.989,"B02512"
"2/9/2017 21:58:00",40.7353,-74.0034,"B02512"
"2/9/2017 21:58:00",40.8067,-73.9611,"B02512"
"2/9/2017 21:58:00",40.7405,-73.9901,"B02512"
"2/9/2017 21:59:00",40.7188,-73.9872,"B02512"
"2/9/2017 22:01:00",40.7355,-73.9961,"B02512"
"2/9/2017 22:02:00",40.6134,-73.7182,"B02512"
"2/9/2017 22:04:00",40.7525,-74.0001,"B02512"
"2/9/2017 22:04:00",40.7559,-73.9913,"B02512"
"2/9/2017 22:04:00",40.735,-74.0022,"B02512"
"2/9/2017 22:06:00",40.7293,-73.9856,"B02512"
"2/9/2017 22:06:00",40.7269,-73.9945,"B02512"
"2/9/2017 22:06:00",40.7112,-73.9182,"B02512"
"2/9/2017 22:07:00",40.7608,-73.9755,"B02512"
"2/9/2017 22:07:00",40.9506,-73.8081,"B02512"
"2/9/2017 22:09:00",40.7028,-73.9811,"B02512"
"2/9/2017 22:09:00",40.7145,-73.9981,"B02512"
"2/9/2017 22:10:00",40.7324,-74.0017,"B02512"
"2/9/2017 22:11:00",40.7376,-73.9882,"B02512"
"2/9/2017 22:11:00",40.7221,-74.0096,"B02512"
"2/9/2017 22:12:00",40.7439,-74.0084,"B02512"
"2/9/2017 22:12:00",40.7741,-73.9608,"B02512"
"2/9/2017 22:13:00",40.7531,-74.028,"B02512"
"2/9/2017 22:13:00",40.7531,-74.028,"B02512"
"2/9/2017 22:14:00",40.7193,-73.985,"B02512"
"2/9/2017 22:14:00",40.7204,-73.9844,"B02512"
"2/9/2017 22:15:00",40.7131,-73.958,"B02512"
"2/9/2017 22:15:00",40.761,-73.9872,"B02512"
"2/9/2017 22:16:00",40.7644,-73.9756,"B02512"
"2/9/2017 22:16:00",40.7285,-74.046,"B02512"
"2/9/2017 22:16:00",40.7201,-74.0086,"B02512"
"2/9/2017 22:17:00",40.6847,-73.9777,"B02512"
"2/9/2017 22:17:00",40.7459,-73.9825,"B02512"
"2/9/2017 22:18:00",40.7304,-74.0068,"B02512"
"2/9/2017 22:18:00",40.775,-73.9822,"B02512"
"2/9/2017 22:19:00",40.7314,-74.0067,"B02512"
"2/9/2017 22:20:00",40.704,-74.0111,"B02512"
"2/9/2017 22:20:00",40.7257,-73.979,"B02512"
"2/9/2017 22:20:00",40.7291,-74.0025,"B02512"
"2/9/2017 22:20:00",40.7646,-73.9783,"B02512"
"2/9/2017 22:20:00",40.7485,-74.0061,"B02512"
"2/9/2017 22:20:00",40.7331,-74.0033,"B02512"
"2/9/2017 22:21:00",40.7485,-73.9926,"B02512"
"2/9/2017 22:23:00",40.7395,-74.0422,"B02512"
"2/9/2017 22:23:00",40.7395,-74.0422,"B02512"
"2/9/2017 22:23:00",40.7517,-73.9938,"B02512"
"2/9/2017 22:25:00",40.74,-74.0053,"B02512"
"2/9/2017 22:26:00",40.6873,-73.9846,"B02512"
"2/9/2017 22:26:00",40.7435,-73.9726,"B02512"
"2/9/2017 22:28:00",40.7437,-73.9868,"B02512"
"2/9/2017 22:28:00",40.7426,-74.0312,"B02512"
"2/9/2017 22:28:00",40.7508,-73.9862,"B02512"
"2/9/2017 22:28:00",40.6812,-73.9724,"B02512"
"2/9/2017 22:29:00",40.7389,-74.0085,"B02512"
"2/9/2017 22:29:00",40.6785,-73.9899,"B02512"
"2/9/2017 22:30:00",40.7305,-74.0046,"B02512"
"2/9/2017 22:31:00",40.7538,-73.9858,"B02512"
"2/9/2017 22:32:00",40.7116,-73.9451,"B02512"
"2/9/2017 22:32:00",40.7441,-74.0068,"B02512"
"2/9/2017 22:33:00",40.7582,-73.9727,"B02512"
"2/9/2017 22:33:00",40.7269,-73.9837,"B02512"
"2/9/2017 22:34:00",40.7171,-73.7608,"B02512"
"2/9/2017 22:35:00",40.7343,-74.0027,"B02512"
"2/9/2017 22:35:00",40.7404,-73.9752,"B02512"
"2/9/2017 22:35:00",40.83,-73.9279,"B02512"
"2/9/2017 22:36:00",40.7201,-74.0102,"B02512"
"2/9/2017 22:36:00",40.7174,-74.0127,"B02512"
"2/9/2017 22:37:00",40.7228,-73.9946,"B02512"
"2/9/2017 22:37:00",40.7329,-74.004,"B02512"
"2/9/2017 22:38:00",40.7958,-73.9705,"B02512"
"2/9/2017 22:38:00",40.7089,-74.0024,"B02512"
"2/9/2017 22:40:00",40.7477,-73.9919,"B02512"
"2/9/2017 22:41:00",40.7555,-73.9728,"B02512"
"2/9/2017 22:42:00",40.7095,-73.9517,"B02512"
"2/9/2017 22:42:00",40.7371,-74.0021,"B02512"
"2/9/2017 22:43:00",40.7388,-73.9887,"B02512"
"2/9/2017 22:43:00",40.781,-73.9793,"B02512"
"2/9/2017 22:44:00",40.7026,-73.991,"B02512"
"2/9/2017 22:44:00",40.7492,-73.992,"B02512"
"2/9/2017 22:44:00",40.7529,-73.9733,"B02512"
"2/9/2017 22:45:00",40.6432,-73.9759,"B02512"
"2/9/2017 22:46:00",40.7561,-73.9869,"B02512"
"2/9/2017 22:47:00",40.741,-73.9786,"B02512"
"2/9/2017 22:49:00",40.7379,-73.9881,"B02512"
"2/9/2017 22:50:00",40.7332,-73.9999,"B02512"
"2/9/2017 22:50:00",40.7281,-73.9945,"B02512"
"2/9/2017 22:51:00",40.7349,-73.9932,"B02512"
"2/9/2017 22:52:00",40.7381,-74.0096,"B02512"
"2/9/2017 22:53:00",40.7774,-73.9568,"B02512"
"2/9/2017 22:53:00",40.7408,-74.0047,"B02512"
"2/9/2017 22:56:00",40.7092,-73.7975,"B02512"
"2/9/2017 22:57:00",40.7237,-74.0102,"B02512"
"2/9/2017 22:59:00",40.7124,-73.9516,"B02512"
"2/9/2017 22:59:00",40.7359,-73.9912,"B02512"
"2/9/2017 22:59:00",40.7474,-74.008,"B02512"
"2/9/2017 22:59:00",40.7286,-74.0003,"B02512"
"2/9/2017 22:59:00",40.7436,-73.98,"B02512"
"2/9/2017 22:59:00",40.717,-74.0143,"B02512"
"2/9/2017 23:01:00",40.7154,-74.0322,"B02512"
"2/9/2017 23:01:00",40.7154,-74.0322,"B02512"
"2/9/2017 23:01:00",40.7423,-74.0046,"B02512"
"2/9/2017 23:01:00",40.7423,-74.0046,"B02512"
"2/9/2017 23:01:00",40.7279,-73.9933,"B02512"
"2/9/2017 23:02:00",40.7135,-74.0098,"B02512"
"2/9/2017 23:03:00",40.7256,-73.9969,"B02512"
"2/9/2017 23:03:00",40.7582,-73.9928,"B02512"
"2/9/2017 23:04:00",40.744,-73.9858,"B02512"
"2/9/2017 23:06:00",40.7222,-73.9866,"B02512"
"2/9/2017 23:06:00",40.7262,-74.0017,"B02512"
"2/9/2017 23:06:00",40.7451,-73.4225,"B02512"
"2/9/2017 23:07:00",40.7411,-74.0057,"B02512"
"2/9/2017 23:07:00",40.7064,-73.9525,"B02512"
"2/9/2017 23:08:00",40.7688,-73.9822,"B02512"
"2/9/2017 23:08:00",40.7371,-73.9793,"B02512"
"2/9/2017 23:10:00",40.8112,-74.2721,"B02512"
"2/9/2017 23:11:00",40.8685,-73.9219,"B02512"
"2/9/2017 23:11:00",40.7251,-73.9992,"B02512"
"2/9/2017 23:12:00",40.7365,-74.0059,"B02512"
"2/9/2017 23:14:00",40.7248,-73.9995,"B02512"
"2/9/2017 23:14:00",40.7636,-73.9765,"B02512"
"2/9/2017 23:14:00",40.7337,-74.0028,"B02512"
"2/9/2017 23:15:00",40.732,-74.0053,"B02512"
"2/9/2017 23:15:00",40.6847,-73.9918,"B02512"
"2/9/2017 23:15:00",40.8903,-73.7781,"B02512"
"2/9/2017 23:16:00",40.7396,-73.9849,"B02512"
"2/9/2017 23:16:00",40.7687,-73.989,"B02512"
"2/9/2017 23:18:00",40.7635,-73.9892,"B02512"
"2/9/2017 23:18:00",40.6784,-73.9856,"B02512"
"2/9/2017 23:18:00",40.7706,-73.9172,"B02512"
"2/9/2017 23:19:00",40.7097,-74.0087,"B02512"
"2/9/2017 23:20:00",40.7194,-73.9896,"B02512"
"2/9/2017 23:20:00",40.7321,-74.0023,"B02512"
"2/9/2017 23:21:00",40.7663,-73.9838,"B02512"
"2/9/2017 23:23:00",40.7431,-74.0084,"B02512"
"2/9/2017 23:24:00",40.7458,-73.9785,"B02512"
"2/9/2017 23:24:00",40.7671,-73.9521,"B02512"
"2/9/2017 23:24:00",40.6852,-73.9775,"B02512"
"2/9/2017 23:25:00",40.7504,-74.0023,"B02512"
"2/9/2017 23:26:00",40.7406,-74.0357,"B02512"
"2/9/2017 23:26:00",40.7406,-74.0357,"B02512"
"2/9/2017 23:26:00",40.7285,-73.9591,"B02512"
"2/9/2017 23:27:00",40.7385,-73.9884,"B02512"
"2/9/2017 23:27:00",40.7496,-73.987,"B02512"
"2/9/2017 23:27:00",40.7349,-74.0076,"B02512"
"2/9/2017 23:27:00",40.7575,-73.969,"B02512"
"2/9/2017 23:27:00",40.7575,-73.969,"B02512"
"2/9/2017 23:29:00",40.7817,-73.9459,"B02512"
"2/9/2017 23:30:00",40.7178,-73.9522,"B02512"
"2/9/2017 23:30:00",40.7618,-73.9752,"B02512"
"2/9/2017 23:30:00",40.7384,-73.9893,"B02512"
"2/9/2017 23:33:00",40.7618,-73.9688,"B02512"
"2/9/2017 23:33:00",40.7346,-73.9903,"B02512"
"2/9/2017 23:34:00",40.7328,-73.867,"B02512"
"2/9/2017 23:35:00",40.763,-73.9687,"B02512"
"2/9/2017 23:35:00",40.73,-73.9567,"B02512"
"2/9/2017 23:35:00",40.7344,-74.0028,"B02512"
"2/9/2017 23:39:00",40.7241,-73.9827,"B02512"
"2/9/2017 23:40:00",40.7441,-73.9898,"B02512"
"2/9/2017 23:40:00",40.7343,-73.999,"B02512"
"2/9/2017 23:42:00",40.7453,-73.9926,"B02512"
"2/9/2017 23:43:00",40.7214,-73.9973,"B02512"
"2/9/2017 23:44:00",40.7265,-73.992,"B02512"
"2/9/2017 23:44:00",40.7479,-73.9926,"B02512"
"2/9/2017 23:44:00",40.7271,-73.9944,"B02512"
"2/9/2017 23:45:00",40.7299,-73.9972,"B02512"
"2/9/2017 23:45:00",40.7292,-73.8647,"B02512"
"2/9/2017 23:47:00",40.7391,-74.0298,"B02512"
"2/9/2017 23:47:00",40.7391,-74.0298,"B02512"
"2/9/2017 23:47:00",40.6845,-73.9837,"B02512"
"2/9/2017 23:50:00",40.6637,-73.9897,"B02512"
"2/9/2017 23:50:00",40.7389,-74.0055,"B02512"
"2/9/2017 23:52:00",40.7139,-73.9328,"B02512"
"2/9/2017 23:52:00",40.709,-74.0053,"B02512"
"2/9/2017 23:53:00",40.7656,-73.963,"B02512"
"2/9/2017 23:59:00",40.729,-73.9874,"B02512"
"2/9/2017 23:59:00",40.7262,-73.9834,"B02512"